SQL> 
SQL> CL SCR

SQL> REM 1 SORTING 2 TOP n ANALYSIS 3 RESTRICTION/SELECTION
SQL> 
SQL> REM SELECT SYNTAX : SELECT ... FROM ... : MANDATORY/COMPULSORY
SQL> 
SQL> REM SELECT SYNTAX : SELECT ... FROM ... WHERE ... ORDER BY ... OFFSET ... FETCH ...;
SQL> 
SQL> REM 1 SORTING : ORDER BY ...
SQL> 
SQL> REM SORTING : ARRANGING VALUES IN EITHER ASCENDING OR DESCENDING ORDER
SQL> 
SQL> REM ASCENDING : LOWEST VALUE FIRST AND HIGHEST VALUE LAST
SQL> 
SQL> REM DESCENDING : HIGHEST VALUE FIRST AND LOWEST VALUE LAST
SQL> 
SQL> 
SQL> REM NUMBER : ASCENDING : -9 TO 9 , DESCENDING : 9 TO -9
SQL> 
SQL> REM ALPHABETS/CHARACTERS : ASCENDING : A TO Z , a TO z , DESCENDING : z TO a , Z TO A
SQL> 
SQL> REM DATE : ASCEDING : EARLIEST DATE FIRST , LATEST DATE LAST , DESCENDING : LATEST DATE FIRST , EARLIEST DATE LAST
SQL> 
SQL> 
SQL> 
SQL> SELECT * FROM EMPLOYEES;

EMPLOYEE_ID FIRST_NAME LAST_NAME  EMAIL      PHONE_NUMBER         HIRE_DATE                   JOB_ID         SALARY COMMISSION_PCT MANAGER_ID DEPARTMENT_ID                                             
----------- ---------- ---------- ---------- -------------------- --------------------------- ---------- ---------- -------------- ---------- -------------                                             
        100 Steven     King       SKING      515.123.4567         17-JULY     -1987 FRIDAY    AD_PRES         24000                                      90                                             
        101 Neena      Kochhar    NKOCHHAR   515.123.4568         21-SEPTEMBER-1989 THURSDAY  AD_VP           17000                       100            90                                             
        102 Lex        De Haan    LDEHAAN    515.123.4569         13-JANUARY  -1993 WEDNESDAY AD_VP           17000                       100            90                                             
        103 Alexander  Hunold     AHUNOLD    590.423.4567         03-JANUARY  -1990 WEDNESDAY IT_PROG          9000                       102            60                                             
        104 Bruce      Ernst      BERNST     590.423.4568         21-MAY      -1991 TUESDAY   IT_PROG          6000                       103            60                                             
        107 Diana      Lorentz    DLORENTZ   590.423.5567         07-FEBRUARY -1999 SUNDAY    IT_PROG          4200                       103            60                                             
        124 Kevin      Mourgos    KMOURGOS   650.123.5234         16-NOVEMBER -1999 TUESDAY   ST_MAN           5800                       100            50                                             
        141 Trenna     Rajs       TRAJS      650.121.8009         17-OCTOBER  -1995 TUESDAY   ST_CLERK         3500                       124            50                                             
        142 Curtis     Davies     CDAVIES    650.121.2994         29-JANUARY  -1997 WEDNESDAY ST_CLERK         3100                       124            50                                             
        143 Randall    Matos      RMATOS     650.121.2874         15-MARCH    -1998 SUNDAY    ST_CLERK         2600                       124            50                                             
        144 Peter      Vargas     PVARGAS    650.121.2004         09-JULY     -1998 THURSDAY  ST_CLERK         2500                       124            50                                             
        149 Eleni      Zlotkey    EZLOTKEY   011.44.1344.429018   29-JANUARY  -2000 SATURDAY  SA_MAN          10500             .2        100            80                                             
        174 Ellen      Abel       EABEL      011.44.1644.429267   11-MAY      -1996 SATURDAY  SA_REP          11000             .3        149            80                                             
        176 Jonathon   Taylor     JTAYLOR    011.44.1644.429265   24-MARCH    -1998 TUESDAY   SA_REP           8600             .3        149            80                                             
        178 Kimerely   Grant      KGRANT     011.44.1644.429263   24-MAY      -1999 MONDAY    SA_REP           7000            .15        149                                                           
        200 Jennifer   Whalen     JWAHLEN    515.123.4444         17-SEPTEMBER-1987 THURSDAY  AD_ASST          4400                       101            10                                             
        201 Michael    Hartstein  MHARTSTE   515.123.5555         17-FEBRUARY -1996 SATURDAY  MK_MAN          13000                       100            20                                             
        202 Pat        Fay        PFAY       603.123.6666         17-AUGUST   -1997 SUNDAY    MK_REP           6000                       201            20                                             
        205 Shelley    Higgins    SHIGGINS   515.123.8080         07-JUNE     -1994 TUESDAY   AC_MGR          12000                       101           110                                             
        206 William    Gietz      WGIETZ     515.123.8181         07-JUNE     -1994 TUESDAY   AC_ACCOUNT       8300                       205           110                                             

20 rows selected.

SQL> REM BY DEFAULT ALL ROWS ARE DISPLAYED IN ASCENDING ORDER OF ROWID
SQL> 
SQL> SELECT ROWID , * FROM EMPLOYEES;
SELECT ROWID , * FROM EMPLOYEES
               *
ERROR at line 1:
ORA-00936: missing expression 


SQL> SELECT ROWID , EMPLOYEES.* FROM EMPLOYEES;

ROWID              EMPLOYEE_ID FIRST_NAME LAST_NAME  EMAIL      PHONE_NUMBER         HIRE_DATE                   JOB_ID         SALARY COMMISSION_PCT MANAGER_ID DEPARTMENT_ID                          
------------------ ----------- ---------- ---------- ---------- -------------------- --------------------------- ---------- ---------- -------------- ---------- -------------                          
AAASQsAAHAAAAGrAAA         100 Steven     King       SKING      515.123.4567         17-JULY     -1987 FRIDAY    AD_PRES         24000                                      90                          
AAASQsAAHAAAAGrAAB         101 Neena      Kochhar    NKOCHHAR   515.123.4568         21-SEPTEMBER-1989 THURSDAY  AD_VP           17000                       100            90                          
AAASQsAAHAAAAGrAAC         102 Lex        De Haan    LDEHAAN    515.123.4569         13-JANUARY  -1993 WEDNESDAY AD_VP           17000                       100            90                          
AAASQsAAHAAAAGrAAD         103 Alexander  Hunold     AHUNOLD    590.423.4567         03-JANUARY  -1990 WEDNESDAY IT_PROG          9000                       102            60                          
AAASQsAAHAAAAGrAAE         104 Bruce      Ernst      BERNST     590.423.4568         21-MAY      -1991 TUESDAY   IT_PROG          6000                       103            60                          
AAASQsAAHAAAAGrAAF         107 Diana      Lorentz    DLORENTZ   590.423.5567         07-FEBRUARY -1999 SUNDAY    IT_PROG          4200                       103            60                          
AAASQsAAHAAAAGrAAG         124 Kevin      Mourgos    KMOURGOS   650.123.5234         16-NOVEMBER -1999 TUESDAY   ST_MAN           5800                       100            50                          
AAASQsAAHAAAAGrAAH         141 Trenna     Rajs       TRAJS      650.121.8009         17-OCTOBER  -1995 TUESDAY   ST_CLERK         3500                       124            50                          
AAASQsAAHAAAAGrAAI         142 Curtis     Davies     CDAVIES    650.121.2994         29-JANUARY  -1997 WEDNESDAY ST_CLERK         3100                       124            50                          
AAASQsAAHAAAAGrAAJ         143 Randall    Matos      RMATOS     650.121.2874         15-MARCH    -1998 SUNDAY    ST_CLERK         2600                       124            50                          
AAASQsAAHAAAAGrAAK         144 Peter      Vargas     PVARGAS    650.121.2004         09-JULY     -1998 THURSDAY  ST_CLERK         2500                       124            50                          
AAASQsAAHAAAAGrAAL         149 Eleni      Zlotkey    EZLOTKEY   011.44.1344.429018   29-JANUARY  -2000 SATURDAY  SA_MAN          10500             .2        100            80                          
AAASQsAAHAAAAGrAAM         174 Ellen      Abel       EABEL      011.44.1644.429267   11-MAY      -1996 SATURDAY  SA_REP          11000             .3        149            80                          
AAASQsAAHAAAAGrAAN         176 Jonathon   Taylor     JTAYLOR    011.44.1644.429265   24-MARCH    -1998 TUESDAY   SA_REP           8600             .3        149            80                          
AAASQsAAHAAAAGrAAO         178 Kimerely   Grant      KGRANT     011.44.1644.429263   24-MAY      -1999 MONDAY    SA_REP           7000            .15        149                                        
AAASQsAAHAAAAGrAAP         200 Jennifer   Whalen     JWAHLEN    515.123.4444         17-SEPTEMBER-1987 THURSDAY  AD_ASST          4400                       101            10                          
AAASQsAAHAAAAGrAAQ         201 Michael    Hartstein  MHARTSTE   515.123.5555         17-FEBRUARY -1996 SATURDAY  MK_MAN          13000                       100            20                          
AAASQsAAHAAAAGrAAR         202 Pat        Fay        PFAY       603.123.6666         17-AUGUST   -1997 SUNDAY    MK_REP           6000                       201            20                          
AAASQsAAHAAAAGrAAS         205 Shelley    Higgins    SHIGGINS   515.123.8080         07-JUNE     -1994 TUESDAY   AC_MGR          12000                       101           110                          
AAASQsAAHAAAAGrAAT         206 William    Gietz      WGIETZ     515.123.8181         07-JUNE     -1994 TUESDAY   AC_ACCOUNT       8300                       205           110                          

20 rows selected.

SQL> SELECT ROWID , E.* FROM EMPLOYEES E;

ROWID              EMPLOYEE_ID FIRST_NAME LAST_NAME  EMAIL      PHONE_NUMBER         HIRE_DATE                   JOB_ID         SALARY COMMISSION_PCT MANAGER_ID DEPARTMENT_ID                          
------------------ ----------- ---------- ---------- ---------- -------------------- --------------------------- ---------- ---------- -------------- ---------- -------------                          
AAASQsAAHAAAAGrAAA         100 Steven     King       SKING      515.123.4567         17-JULY     -1987 FRIDAY    AD_PRES         24000                                      90                          
AAASQsAAHAAAAGrAAB         101 Neena      Kochhar    NKOCHHAR   515.123.4568         21-SEPTEMBER-1989 THURSDAY  AD_VP           17000                       100            90                          
AAASQsAAHAAAAGrAAC         102 Lex        De Haan    LDEHAAN    515.123.4569         13-JANUARY  -1993 WEDNESDAY AD_VP           17000                       100            90                          
AAASQsAAHAAAAGrAAD         103 Alexander  Hunold     AHUNOLD    590.423.4567         03-JANUARY  -1990 WEDNESDAY IT_PROG          9000                       102            60                          
AAASQsAAHAAAAGrAAE         104 Bruce      Ernst      BERNST     590.423.4568         21-MAY      -1991 TUESDAY   IT_PROG          6000                       103            60                          
AAASQsAAHAAAAGrAAF         107 Diana      Lorentz    DLORENTZ   590.423.5567         07-FEBRUARY -1999 SUNDAY    IT_PROG          4200                       103            60                          
AAASQsAAHAAAAGrAAG         124 Kevin      Mourgos    KMOURGOS   650.123.5234         16-NOVEMBER -1999 TUESDAY   ST_MAN           5800                       100            50                          
AAASQsAAHAAAAGrAAH         141 Trenna     Rajs       TRAJS      650.121.8009         17-OCTOBER  -1995 TUESDAY   ST_CLERK         3500                       124            50                          
AAASQsAAHAAAAGrAAI         142 Curtis     Davies     CDAVIES    650.121.2994         29-JANUARY  -1997 WEDNESDAY ST_CLERK         3100                       124            50                          
AAASQsAAHAAAAGrAAJ         143 Randall    Matos      RMATOS     650.121.2874         15-MARCH    -1998 SUNDAY    ST_CLERK         2600                       124            50                          
AAASQsAAHAAAAGrAAK         144 Peter      Vargas     PVARGAS    650.121.2004         09-JULY     -1998 THURSDAY  ST_CLERK         2500                       124            50                          
AAASQsAAHAAAAGrAAL         149 Eleni      Zlotkey    EZLOTKEY   011.44.1344.429018   29-JANUARY  -2000 SATURDAY  SA_MAN          10500             .2        100            80                          
AAASQsAAHAAAAGrAAM         174 Ellen      Abel       EABEL      011.44.1644.429267   11-MAY      -1996 SATURDAY  SA_REP          11000             .3        149            80                          
AAASQsAAHAAAAGrAAN         176 Jonathon   Taylor     JTAYLOR    011.44.1644.429265   24-MARCH    -1998 TUESDAY   SA_REP           8600             .3        149            80                          
AAASQsAAHAAAAGrAAO         178 Kimerely   Grant      KGRANT     011.44.1644.429263   24-MAY      -1999 MONDAY    SA_REP           7000            .15        149                                        
AAASQsAAHAAAAGrAAP         200 Jennifer   Whalen     JWAHLEN    515.123.4444         17-SEPTEMBER-1987 THURSDAY  AD_ASST          4400                       101            10                          
AAASQsAAHAAAAGrAAQ         201 Michael    Hartstein  MHARTSTE   515.123.5555         17-FEBRUARY -1996 SATURDAY  MK_MAN          13000                       100            20                          
AAASQsAAHAAAAGrAAR         202 Pat        Fay        PFAY       603.123.6666         17-AUGUST   -1997 SUNDAY    MK_REP           6000                       201            20                          
AAASQsAAHAAAAGrAAS         205 Shelley    Higgins    SHIGGINS   515.123.8080         07-JUNE     -1994 TUESDAY   AC_MGR          12000                       101           110                          
AAASQsAAHAAAAGrAAT         206 William    Gietz      WGIETZ     515.123.8181         07-JUNE     -1994 TUESDAY   AC_ACCOUNT       8300                       205           110                          

20 rows selected.

SQL> REM ROWID IS NOTHING BUT ROW ADDRES WHICH IS ALWAYS UNIQUE PER ROW
SQL> 
SQL> CONN SCOTT/TIGER
Connected.
SQL> 
SQL> SELECT * FROM EMPLOYEES;

EMPLOYEE_ID FIRST_NAME LAST_NAME  EMAIL      PHONE_NUMBER         HIRE_DATE JOB_ID         SALARY COMMISSION_PCT MANAGER_ID DEPARTMENT_ID                                                               
----------- ---------- ---------- ---------- -------------------- --------- ---------- ---------- -------------- ---------- -------------                                                               
        100 Steven     King       SKING      515.123.4567         17-JUL-87 AD_PRES         24000                                      90                                                               
        101 Neena      Kochhar    NKOCHHAR   515.123.4568         21-SEP-89 AD_VP           17000                       100            90                                                               
        102 Lex        De Haan    LDEHAAN    515.123.4569         13-JAN-93 AD_VP           17000                       100            90                                                               
        103 Alexander  Hunold     AHUNOLD    590.423.4567         03-JAN-90 IT_PROG          9000                       102            60                                                               
        104 Bruce      Ernst      BERNST     590.423.4568         21-MAY-91 IT_PROG          6000                       103            60                                                               
        107 Diana      Lorentz    DLORENTZ   590.423.5567         07-FEB-99 IT_PROG          4200                       103            60                                                               
        124 Kevin      Mourgos    KMOURGOS   650.123.5234         16-NOV-99 ST_MAN           5800                       100            50                                                               
        141 Trenna     Rajs       TRAJS      650.121.8009         17-OCT-95 ST_CLERK         3500                       124            50                                                               
        142 Curtis     Davies     CDAVIES    650.121.2994         29-JAN-97 ST_CLERK         3100                       124            50                                                               
        143 Randall    Matos      RMATOS     650.121.2874         15-MAR-98 ST_CLERK         2600                       124            50                                                               
        144 Peter      Vargas     PVARGAS    650.121.2004         09-JUL-98 ST_CLERK         2500                       124            50                                                               
        149 Eleni      Zlotkey    EZLOTKEY   011.44.1344.429018   29-JAN-00 SA_MAN          10500             .2        100            80                                                               
        174 Ellen      Abel       EABEL      011.44.1644.429267   11-MAY-96 SA_REP          11000             .3        149            80                                                               
        176 Jonathon   Taylor     JTAYLOR    011.44.1644.429265   24-MAR-98 SA_REP           8600             .3        149            80                                                               
        178 Kimerely   Grant      KGRANT     011.44.1644.429263   24-MAY-99 SA_REP           7000            .15        149                                                                             
        200 Jennifer   Whalen     JWAHLEN    515.123.4444         17-SEP-87 AD_ASST          4400                       101            10                                                               
        201 Michael    Hartstein  MHARTSTE   515.123.5555         17-FEB-96 MK_MAN          13000                       100            20                                                               
        202 Pat        Fay        PFAY       603.123.6666         17-AUG-97 MK_REP           6000                       201            20                                                               
        205 Shelley    Higgins    SHIGGINS   515.123.8080         07-JUN-94 AC_MGR          12000                       101           110                                                               
        206 William    Gietz      WGIETZ     515.123.8181         07-JUN-94 AC_ACCOUNT       8300                       205           110                                                               

20 rows selected.

SQL> SELECT * FROM EMPLOYEES ORDER BY SALARY;

EMPLOYEE_ID FIRST_NAME LAST_NAME  EMAIL      PHONE_NUMBER         HIRE_DATE JOB_ID         SALARY COMMISSION_PCT MANAGER_ID DEPARTMENT_ID                                                               
----------- ---------- ---------- ---------- -------------------- --------- ---------- ---------- -------------- ---------- -------------                                                               
        144 Peter      Vargas     PVARGAS    650.121.2004         09-JUL-98 ST_CLERK         2500                       124            50                                                               
        143 Randall    Matos      RMATOS     650.121.2874         15-MAR-98 ST_CLERK         2600                       124            50                                                               
        142 Curtis     Davies     CDAVIES    650.121.2994         29-JAN-97 ST_CLERK         3100                       124            50                                                               
        141 Trenna     Rajs       TRAJS      650.121.8009         17-OCT-95 ST_CLERK         3500                       124            50                                                               
        107 Diana      Lorentz    DLORENTZ   590.423.5567         07-FEB-99 IT_PROG          4200                       103            60                                                               
        200 Jennifer   Whalen     JWAHLEN    515.123.4444         17-SEP-87 AD_ASST          4400                       101            10                                                               
        124 Kevin      Mourgos    KMOURGOS   650.123.5234         16-NOV-99 ST_MAN           5800                       100            50                                                               
        104 Bruce      Ernst      BERNST     590.423.4568         21-MAY-91 IT_PROG          6000                       103            60                                                               
        202 Pat        Fay        PFAY       603.123.6666         17-AUG-97 MK_REP           6000                       201            20                                                               
        178 Kimerely   Grant      KGRANT     011.44.1644.429263   24-MAY-99 SA_REP           7000            .15        149                                                                             
        206 William    Gietz      WGIETZ     515.123.8181         07-JUN-94 AC_ACCOUNT       8300                       205           110                                                               
        176 Jonathon   Taylor     JTAYLOR    011.44.1644.429265   24-MAR-98 SA_REP           8600             .3        149            80                                                               
        103 Alexander  Hunold     AHUNOLD    590.423.4567         03-JAN-90 IT_PROG          9000                       102            60                                                               
        149 Eleni      Zlotkey    EZLOTKEY   011.44.1344.429018   29-JAN-00 SA_MAN          10500             .2        100            80                                                               
        174 Ellen      Abel       EABEL      011.44.1644.429267   11-MAY-96 SA_REP          11000             .3        149            80                                                               
        205 Shelley    Higgins    SHIGGINS   515.123.8080         07-JUN-94 AC_MGR          12000                       101           110                                                               
        201 Michael    Hartstein  MHARTSTE   515.123.5555         17-FEB-96 MK_MAN          13000                       100            20                                                               
        101 Neena      Kochhar    NKOCHHAR   515.123.4568         21-SEP-89 AD_VP           17000                       100            90                                                               
        102 Lex        De Haan    LDEHAAN    515.123.4569         13-JAN-93 AD_VP           17000                       100            90                                                               
        100 Steven     King       SKING      515.123.4567         17-JUL-87 AD_PRES         24000                                      90                                                               

20 rows selected.

SQL> SELECT * FROM EMPLOYEES ORDER BY SALARY ASC;

EMPLOYEE_ID FIRST_NAME LAST_NAME  EMAIL      PHONE_NUMBER         HIRE_DATE JOB_ID         SALARY COMMISSION_PCT MANAGER_ID DEPARTMENT_ID                                                               
----------- ---------- ---------- ---------- -------------------- --------- ---------- ---------- -------------- ---------- -------------                                                               
        144 Peter      Vargas     PVARGAS    650.121.2004         09-JUL-98 ST_CLERK         2500                       124            50                                                               
        143 Randall    Matos      RMATOS     650.121.2874         15-MAR-98 ST_CLERK         2600                       124            50                                                               
        142 Curtis     Davies     CDAVIES    650.121.2994         29-JAN-97 ST_CLERK         3100                       124            50                                                               
        141 Trenna     Rajs       TRAJS      650.121.8009         17-OCT-95 ST_CLERK         3500                       124            50                                                               
        107 Diana      Lorentz    DLORENTZ   590.423.5567         07-FEB-99 IT_PROG          4200                       103            60                                                               
        200 Jennifer   Whalen     JWAHLEN    515.123.4444         17-SEP-87 AD_ASST          4400                       101            10                                                               
        124 Kevin      Mourgos    KMOURGOS   650.123.5234         16-NOV-99 ST_MAN           5800                       100            50                                                               
        104 Bruce      Ernst      BERNST     590.423.4568         21-MAY-91 IT_PROG          6000                       103            60                                                               
        202 Pat        Fay        PFAY       603.123.6666         17-AUG-97 MK_REP           6000                       201            20                                                               
        178 Kimerely   Grant      KGRANT     011.44.1644.429263   24-MAY-99 SA_REP           7000            .15        149                                                                             
        206 William    Gietz      WGIETZ     515.123.8181         07-JUN-94 AC_ACCOUNT       8300                       205           110                                                               
        176 Jonathon   Taylor     JTAYLOR    011.44.1644.429265   24-MAR-98 SA_REP           8600             .3        149            80                                                               
        103 Alexander  Hunold     AHUNOLD    590.423.4567         03-JAN-90 IT_PROG          9000                       102            60                                                               
        149 Eleni      Zlotkey    EZLOTKEY   011.44.1344.429018   29-JAN-00 SA_MAN          10500             .2        100            80                                                               
        174 Ellen      Abel       EABEL      011.44.1644.429267   11-MAY-96 SA_REP          11000             .3        149            80                                                               
        205 Shelley    Higgins    SHIGGINS   515.123.8080         07-JUN-94 AC_MGR          12000                       101           110                                                               
        201 Michael    Hartstein  MHARTSTE   515.123.5555         17-FEB-96 MK_MAN          13000                       100            20                                                               
        101 Neena      Kochhar    NKOCHHAR   515.123.4568         21-SEP-89 AD_VP           17000                       100            90                                                               
        102 Lex        De Haan    LDEHAAN    515.123.4569         13-JAN-93 AD_VP           17000                       100            90                                                               
        100 Steven     King       SKING      515.123.4567         17-JUL-87 AD_PRES         24000                                      90                                                               

20 rows selected.

SQL> SELECT * FROM EMPLOYEES ORDER BY SALARY DESC;

EMPLOYEE_ID FIRST_NAME LAST_NAME  EMAIL      PHONE_NUMBER         HIRE_DATE JOB_ID         SALARY COMMISSION_PCT MANAGER_ID DEPARTMENT_ID                                                               
----------- ---------- ---------- ---------- -------------------- --------- ---------- ---------- -------------- ---------- -------------                                                               
        100 Steven     King       SKING      515.123.4567         17-JUL-87 AD_PRES         24000                                      90                                                               
        101 Neena      Kochhar    NKOCHHAR   515.123.4568         21-SEP-89 AD_VP           17000                       100            90                                                               
        102 Lex        De Haan    LDEHAAN    515.123.4569         13-JAN-93 AD_VP           17000                       100            90                                                               
        201 Michael    Hartstein  MHARTSTE   515.123.5555         17-FEB-96 MK_MAN          13000                       100            20                                                               
        205 Shelley    Higgins    SHIGGINS   515.123.8080         07-JUN-94 AC_MGR          12000                       101           110                                                               
        174 Ellen      Abel       EABEL      011.44.1644.429267   11-MAY-96 SA_REP          11000             .3        149            80                                                               
        149 Eleni      Zlotkey    EZLOTKEY   011.44.1344.429018   29-JAN-00 SA_MAN          10500             .2        100            80                                                               
        103 Alexander  Hunold     AHUNOLD    590.423.4567         03-JAN-90 IT_PROG          9000                       102            60                                                               
        176 Jonathon   Taylor     JTAYLOR    011.44.1644.429265   24-MAR-98 SA_REP           8600             .3        149            80                                                               
        206 William    Gietz      WGIETZ     515.123.8181         07-JUN-94 AC_ACCOUNT       8300                       205           110                                                               
        178 Kimerely   Grant      KGRANT     011.44.1644.429263   24-MAY-99 SA_REP           7000            .15        149                                                                             
        104 Bruce      Ernst      BERNST     590.423.4568         21-MAY-91 IT_PROG          6000                       103            60                                                               
        202 Pat        Fay        PFAY       603.123.6666         17-AUG-97 MK_REP           6000                       201            20                                                               
        124 Kevin      Mourgos    KMOURGOS   650.123.5234         16-NOV-99 ST_MAN           5800                       100            50                                                               
        200 Jennifer   Whalen     JWAHLEN    515.123.4444         17-SEP-87 AD_ASST          4400                       101            10                                                               
        107 Diana      Lorentz    DLORENTZ   590.423.5567         07-FEB-99 IT_PROG          4200                       103            60                                                               
        141 Trenna     Rajs       TRAJS      650.121.8009         17-OCT-95 ST_CLERK         3500                       124            50                                                               
        142 Curtis     Davies     CDAVIES    650.121.2994         29-JAN-97 ST_CLERK         3100                       124            50                                                               
        143 Randall    Matos      RMATOS     650.121.2874         15-MAR-98 ST_CLERK         2600                       124            50                                                               
        144 Peter      Vargas     PVARGAS    650.121.2004         09-JUL-98 ST_CLERK         2500                       124            50                                                               

20 rows selected.

SQL> SELECT * FROM EMPLOYEES ORDER BY COMMISSION_PCT;

EMPLOYEE_ID FIRST_NAME LAST_NAME  EMAIL      PHONE_NUMBER         HIRE_DATE JOB_ID         SALARY COMMISSION_PCT MANAGER_ID DEPARTMENT_ID                                                               
----------- ---------- ---------- ---------- -------------------- --------- ---------- ---------- -------------- ---------- -------------                                                               
        178 Kimerely   Grant      KGRANT     011.44.1644.429263   24-MAY-99 SA_REP           7000            .15        149                                                                             
        149 Eleni      Zlotkey    EZLOTKEY   011.44.1344.429018   29-JAN-00 SA_MAN          10500             .2        100            80                                                               
        176 Jonathon   Taylor     JTAYLOR    011.44.1644.429265   24-MAR-98 SA_REP           8600             .3        149            80                                                               
        174 Ellen      Abel       EABEL      011.44.1644.429267   11-MAY-96 SA_REP          11000             .3        149            80                                                               
        104 Bruce      Ernst      BERNST     590.423.4568         21-MAY-91 IT_PROG          6000                       103            60                                                               
        107 Diana      Lorentz    DLORENTZ   590.423.5567         07-FEB-99 IT_PROG          4200                       103            60                                                               
        124 Kevin      Mourgos    KMOURGOS   650.123.5234         16-NOV-99 ST_MAN           5800                       100            50                                                               
        141 Trenna     Rajs       TRAJS      650.121.8009         17-OCT-95 ST_CLERK         3500                       124            50                                                               
        142 Curtis     Davies     CDAVIES    650.121.2994         29-JAN-97 ST_CLERK         3100                       124            50                                                               
        143 Randall    Matos      RMATOS     650.121.2874         15-MAR-98 ST_CLERK         2600                       124            50                                                               
        144 Peter      Vargas     PVARGAS    650.121.2004         09-JUL-98 ST_CLERK         2500                       124            50                                                               
        200 Jennifer   Whalen     JWAHLEN    515.123.4444         17-SEP-87 AD_ASST          4400                       101            10                                                               
        201 Michael    Hartstein  MHARTSTE   515.123.5555         17-FEB-96 MK_MAN          13000                       100            20                                                               
        202 Pat        Fay        PFAY       603.123.6666         17-AUG-97 MK_REP           6000                       201            20                                                               
        205 Shelley    Higgins    SHIGGINS   515.123.8080         07-JUN-94 AC_MGR          12000                       101           110                                                               
        103 Alexander  Hunold     AHUNOLD    590.423.4567         03-JAN-90 IT_PROG          9000                       102            60                                                               
        102 Lex        De Haan    LDEHAAN    515.123.4569         13-JAN-93 AD_VP           17000                       100            90                                                               
        206 William    Gietz      WGIETZ     515.123.8181         07-JUN-94 AC_ACCOUNT       8300                       205           110                                                               
        100 Steven     King       SKING      515.123.4567         17-JUL-87 AD_PRES         24000                                      90                                                               
        101 Neena      Kochhar    NKOCHHAR   515.123.4568         21-SEP-89 AD_VP           17000                       100            90                                                               

20 rows selected.

SQL> SELECT * FROM EMPLOYEES ORDER BY COMMISSION_PCT NULLS FIRST;

EMPLOYEE_ID FIRST_NAME LAST_NAME  EMAIL      PHONE_NUMBER         HIRE_DATE JOB_ID         SALARY COMMISSION_PCT MANAGER_ID DEPARTMENT_ID                                                               
----------- ---------- ---------- ---------- -------------------- --------- ---------- ---------- -------------- ---------- -------------                                                               
        100 Steven     King       SKING      515.123.4567         17-JUL-87 AD_PRES         24000                                      90                                                               
        206 William    Gietz      WGIETZ     515.123.8181         07-JUN-94 AC_ACCOUNT       8300                       205           110                                                               
        102 Lex        De Haan    LDEHAAN    515.123.4569         13-JAN-93 AD_VP           17000                       100            90                                                               
        103 Alexander  Hunold     AHUNOLD    590.423.4567         03-JAN-90 IT_PROG          9000                       102            60                                                               
        104 Bruce      Ernst      BERNST     590.423.4568         21-MAY-91 IT_PROG          6000                       103            60                                                               
        107 Diana      Lorentz    DLORENTZ   590.423.5567         07-FEB-99 IT_PROG          4200                       103            60                                                               
        124 Kevin      Mourgos    KMOURGOS   650.123.5234         16-NOV-99 ST_MAN           5800                       100            50                                                               
        141 Trenna     Rajs       TRAJS      650.121.8009         17-OCT-95 ST_CLERK         3500                       124            50                                                               
        142 Curtis     Davies     CDAVIES    650.121.2994         29-JAN-97 ST_CLERK         3100                       124            50                                                               
        143 Randall    Matos      RMATOS     650.121.2874         15-MAR-98 ST_CLERK         2600                       124            50                                                               
        144 Peter      Vargas     PVARGAS    650.121.2004         09-JUL-98 ST_CLERK         2500                       124            50                                                               
        101 Neena      Kochhar    NKOCHHAR   515.123.4568         21-SEP-89 AD_VP           17000                       100            90                                                               
        205 Shelley    Higgins    SHIGGINS   515.123.8080         07-JUN-94 AC_MGR          12000                       101           110                                                               
        202 Pat        Fay        PFAY       603.123.6666         17-AUG-97 MK_REP           6000                       201            20                                                               
        201 Michael    Hartstein  MHARTSTE   515.123.5555         17-FEB-96 MK_MAN          13000                       100            20                                                               
        200 Jennifer   Whalen     JWAHLEN    515.123.4444         17-SEP-87 AD_ASST          4400                       101            10                                                               
        178 Kimerely   Grant      KGRANT     011.44.1644.429263   24-MAY-99 SA_REP           7000            .15        149                                                                             
        149 Eleni      Zlotkey    EZLOTKEY   011.44.1344.429018   29-JAN-00 SA_MAN          10500             .2        100            80                                                               
        176 Jonathon   Taylor     JTAYLOR    011.44.1644.429265   24-MAR-98 SA_REP           8600             .3        149            80                                                               
        174 Ellen      Abel       EABEL      011.44.1644.429267   11-MAY-96 SA_REP          11000             .3        149            80                                                               

20 rows selected.

SQL> SELECT * FROM EMPLOYEES ORDER BY COMMISSION_PCT DESC;

EMPLOYEE_ID FIRST_NAME LAST_NAME  EMAIL      PHONE_NUMBER         HIRE_DATE JOB_ID         SALARY COMMISSION_PCT MANAGER_ID DEPARTMENT_ID                                                               
----------- ---------- ---------- ---------- -------------------- --------- ---------- ---------- -------------- ---------- -------------                                                               
        100 Steven     King       SKING      515.123.4567         17-JUL-87 AD_PRES         24000                                      90                                                               
        206 William    Gietz      WGIETZ     515.123.8181         07-JUN-94 AC_ACCOUNT       8300                       205           110                                                               
        102 Lex        De Haan    LDEHAAN    515.123.4569         13-JAN-93 AD_VP           17000                       100            90                                                               
        103 Alexander  Hunold     AHUNOLD    590.423.4567         03-JAN-90 IT_PROG          9000                       102            60                                                               
        104 Bruce      Ernst      BERNST     590.423.4568         21-MAY-91 IT_PROG          6000                       103            60                                                               
        107 Diana      Lorentz    DLORENTZ   590.423.5567         07-FEB-99 IT_PROG          4200                       103            60                                                               
        124 Kevin      Mourgos    KMOURGOS   650.123.5234         16-NOV-99 ST_MAN           5800                       100            50                                                               
        141 Trenna     Rajs       TRAJS      650.121.8009         17-OCT-95 ST_CLERK         3500                       124            50                                                               
        142 Curtis     Davies     CDAVIES    650.121.2994         29-JAN-97 ST_CLERK         3100                       124            50                                                               
        143 Randall    Matos      RMATOS     650.121.2874         15-MAR-98 ST_CLERK         2600                       124            50                                                               
        144 Peter      Vargas     PVARGAS    650.121.2004         09-JUL-98 ST_CLERK         2500                       124            50                                                               
        101 Neena      Kochhar    NKOCHHAR   515.123.4568         21-SEP-89 AD_VP           17000                       100            90                                                               
        205 Shelley    Higgins    SHIGGINS   515.123.8080         07-JUN-94 AC_MGR          12000                       101           110                                                               
        202 Pat        Fay        PFAY       603.123.6666         17-AUG-97 MK_REP           6000                       201            20                                                               
        201 Michael    Hartstein  MHARTSTE   515.123.5555         17-FEB-96 MK_MAN          13000                       100            20                                                               
        200 Jennifer   Whalen     JWAHLEN    515.123.4444         17-SEP-87 AD_ASST          4400                       101            10                                                               
        176 Jonathon   Taylor     JTAYLOR    011.44.1644.429265   24-MAR-98 SA_REP           8600             .3        149            80                                                               
        174 Ellen      Abel       EABEL      011.44.1644.429267   11-MAY-96 SA_REP          11000             .3        149            80                                                               
        149 Eleni      Zlotkey    EZLOTKEY   011.44.1344.429018   29-JAN-00 SA_MAN          10500             .2        100            80                                                               
        178 Kimerely   Grant      KGRANT     011.44.1644.429263   24-MAY-99 SA_REP           7000            .15        149                                                                             

20 rows selected.

SQL> SELECT * FROM EMPLOYEES ORDER BY COMMISSION_PCT DESC NULLS LAST;

EMPLOYEE_ID FIRST_NAME LAST_NAME  EMAIL      PHONE_NUMBER         HIRE_DATE JOB_ID         SALARY COMMISSION_PCT MANAGER_ID DEPARTMENT_ID                                                               
----------- ---------- ---------- ---------- -------------------- --------- ---------- ---------- -------------- ---------- -------------                                                               
        176 Jonathon   Taylor     JTAYLOR    011.44.1644.429265   24-MAR-98 SA_REP           8600             .3        149            80                                                               
        174 Ellen      Abel       EABEL      011.44.1644.429267   11-MAY-96 SA_REP          11000             .3        149            80                                                               
        149 Eleni      Zlotkey    EZLOTKEY   011.44.1344.429018   29-JAN-00 SA_MAN          10500             .2        100            80                                                               
        178 Kimerely   Grant      KGRANT     011.44.1644.429263   24-MAY-99 SA_REP           7000            .15        149                                                                             
        104 Bruce      Ernst      BERNST     590.423.4568         21-MAY-91 IT_PROG          6000                       103            60                                                               
        107 Diana      Lorentz    DLORENTZ   590.423.5567         07-FEB-99 IT_PROG          4200                       103            60                                                               
        124 Kevin      Mourgos    KMOURGOS   650.123.5234         16-NOV-99 ST_MAN           5800                       100            50                                                               
        141 Trenna     Rajs       TRAJS      650.121.8009         17-OCT-95 ST_CLERK         3500                       124            50                                                               
        142 Curtis     Davies     CDAVIES    650.121.2994         29-JAN-97 ST_CLERK         3100                       124            50                                                               
        143 Randall    Matos      RMATOS     650.121.2874         15-MAR-98 ST_CLERK         2600                       124            50                                                               
        144 Peter      Vargas     PVARGAS    650.121.2004         09-JUL-98 ST_CLERK         2500                       124            50                                                               
        200 Jennifer   Whalen     JWAHLEN    515.123.4444         17-SEP-87 AD_ASST          4400                       101            10                                                               
        201 Michael    Hartstein  MHARTSTE   515.123.5555         17-FEB-96 MK_MAN          13000                       100            20                                                               
        202 Pat        Fay        PFAY       603.123.6666         17-AUG-97 MK_REP           6000                       201            20                                                               
        205 Shelley    Higgins    SHIGGINS   515.123.8080         07-JUN-94 AC_MGR          12000                       101           110                                                               
        103 Alexander  Hunold     AHUNOLD    590.423.4567         03-JAN-90 IT_PROG          9000                       102            60                                                               
        102 Lex        De Haan    LDEHAAN    515.123.4569         13-JAN-93 AD_VP           17000                       100            90                                                               
        206 William    Gietz      WGIETZ     515.123.8181         07-JUN-94 AC_ACCOUNT       8300                       205           110                                                               
        100 Steven     King       SKING      515.123.4567         17-JUL-87 AD_PRES         24000                                      90                                                               
        101 Neena      Kochhar    NKOCHHAR   515.123.4568         21-SEP-89 AD_VP           17000                       100            90                                                               

20 rows selected.

SQL> SELECT * FROM EMPLOYEES ORDER BY SALARY;

EMPLOYEE_ID FIRST_NAME LAST_NAME  EMAIL      PHONE_NUMBER         HIRE_DATE JOB_ID         SALARY COMMISSION_PCT MANAGER_ID DEPARTMENT_ID                                                               
----------- ---------- ---------- ---------- -------------------- --------- ---------- ---------- -------------- ---------- -------------                                                               
        144 Peter      Vargas     PVARGAS    650.121.2004         09-JUL-98 ST_CLERK         2500                       124            50                                                               
        143 Randall    Matos      RMATOS     650.121.2874         15-MAR-98 ST_CLERK         2600                       124            50                                                               
        142 Curtis     Davies     CDAVIES    650.121.2994         29-JAN-97 ST_CLERK         3100                       124            50                                                               
        141 Trenna     Rajs       TRAJS      650.121.8009         17-OCT-95 ST_CLERK         3500                       124            50                                                               
        107 Diana      Lorentz    DLORENTZ   590.423.5567         07-FEB-99 IT_PROG          4200                       103            60                                                               
        200 Jennifer   Whalen     JWAHLEN    515.123.4444         17-SEP-87 AD_ASST          4400                       101            10                                                               
        124 Kevin      Mourgos    KMOURGOS   650.123.5234         16-NOV-99 ST_MAN           5800                       100            50                                                               
        104 Bruce      Ernst      BERNST     590.423.4568         21-MAY-91 IT_PROG          6000                       103            60                                                               
        202 Pat        Fay        PFAY       603.123.6666         17-AUG-97 MK_REP           6000                       201            20                                                               
        178 Kimerely   Grant      KGRANT     011.44.1644.429263   24-MAY-99 SA_REP           7000            .15        149                                                                             
        206 William    Gietz      WGIETZ     515.123.8181         07-JUN-94 AC_ACCOUNT       8300                       205           110                                                               
        176 Jonathon   Taylor     JTAYLOR    011.44.1644.429265   24-MAR-98 SA_REP           8600             .3        149            80                                                               
        103 Alexander  Hunold     AHUNOLD    590.423.4567         03-JAN-90 IT_PROG          9000                       102            60                                                               
        149 Eleni      Zlotkey    EZLOTKEY   011.44.1344.429018   29-JAN-00 SA_MAN          10500             .2        100            80                                                               
        174 Ellen      Abel       EABEL      011.44.1644.429267   11-MAY-96 SA_REP          11000             .3        149            80                                                               
        205 Shelley    Higgins    SHIGGINS   515.123.8080         07-JUN-94 AC_MGR          12000                       101           110                                                               
        201 Michael    Hartstein  MHARTSTE   515.123.5555         17-FEB-96 MK_MAN          13000                       100            20                                                               
        101 Neena      Kochhar    NKOCHHAR   515.123.4568         21-SEP-89 AD_VP           17000                       100            90                                                               
        102 Lex        De Haan    LDEHAAN    515.123.4569         13-JAN-93 AD_VP           17000                       100            90                                                               
        100 Steven     King       SKING      515.123.4567         17-JUL-87 AD_PRES         24000                                      90                                                               

20 rows selected.

SQL> SELECT * FROM EMPLOYEES ORDER BY 8;

EMPLOYEE_ID FIRST_NAME LAST_NAME  EMAIL      PHONE_NUMBER         HIRE_DATE JOB_ID         SALARY COMMISSION_PCT MANAGER_ID DEPARTMENT_ID                                                               
----------- ---------- ---------- ---------- -------------------- --------- ---------- ---------- -------------- ---------- -------------                                                               
        144 Peter      Vargas     PVARGAS    650.121.2004         09-JUL-98 ST_CLERK         2500                       124            50                                                               
        143 Randall    Matos      RMATOS     650.121.2874         15-MAR-98 ST_CLERK         2600                       124            50                                                               
        142 Curtis     Davies     CDAVIES    650.121.2994         29-JAN-97 ST_CLERK         3100                       124            50                                                               
        141 Trenna     Rajs       TRAJS      650.121.8009         17-OCT-95 ST_CLERK         3500                       124            50                                                               
        107 Diana      Lorentz    DLORENTZ   590.423.5567         07-FEB-99 IT_PROG          4200                       103            60                                                               
        200 Jennifer   Whalen     JWAHLEN    515.123.4444         17-SEP-87 AD_ASST          4400                       101            10                                                               
        124 Kevin      Mourgos    KMOURGOS   650.123.5234         16-NOV-99 ST_MAN           5800                       100            50                                                               
        104 Bruce      Ernst      BERNST     590.423.4568         21-MAY-91 IT_PROG          6000                       103            60                                                               
        202 Pat        Fay        PFAY       603.123.6666         17-AUG-97 MK_REP           6000                       201            20                                                               
        178 Kimerely   Grant      KGRANT     011.44.1644.429263   24-MAY-99 SA_REP           7000            .15        149                                                                             
        206 William    Gietz      WGIETZ     515.123.8181         07-JUN-94 AC_ACCOUNT       8300                       205           110                                                               
        176 Jonathon   Taylor     JTAYLOR    011.44.1644.429265   24-MAR-98 SA_REP           8600             .3        149            80                                                               
        103 Alexander  Hunold     AHUNOLD    590.423.4567         03-JAN-90 IT_PROG          9000                       102            60                                                               
        149 Eleni      Zlotkey    EZLOTKEY   011.44.1344.429018   29-JAN-00 SA_MAN          10500             .2        100            80                                                               
        174 Ellen      Abel       EABEL      011.44.1644.429267   11-MAY-96 SA_REP          11000             .3        149            80                                                               
        205 Shelley    Higgins    SHIGGINS   515.123.8080         07-JUN-94 AC_MGR          12000                       101           110                                                               
        201 Michael    Hartstein  MHARTSTE   515.123.5555         17-FEB-96 MK_MAN          13000                       100            20                                                               
        101 Neena      Kochhar    NKOCHHAR   515.123.4568         21-SEP-89 AD_VP           17000                       100            90                                                               
        102 Lex        De Haan    LDEHAAN    515.123.4569         13-JAN-93 AD_VP           17000                       100            90                                                               
        100 Steven     King       SKING      515.123.4567         17-JUL-87 AD_PRES         24000                                      90                                                               

20 rows selected.

SQL> SELECT * FROM EMPLOYEES ORDER BY 8 AC;
SELECT * FROM EMPLOYEES ORDER BY 8 AC
                                   *
ERROR at line 1:
ORA-00933: SQL command not properly ended 


SQL> SELECT * FROM EMPLOYEES ORDER BY 8 ASC;

EMPLOYEE_ID FIRST_NAME LAST_NAME  EMAIL      PHONE_NUMBER         HIRE_DATE JOB_ID         SALARY COMMISSION_PCT MANAGER_ID DEPARTMENT_ID                                                               
----------- ---------- ---------- ---------- -------------------- --------- ---------- ---------- -------------- ---------- -------------                                                               
        144 Peter      Vargas     PVARGAS    650.121.2004         09-JUL-98 ST_CLERK         2500                       124            50                                                               
        143 Randall    Matos      RMATOS     650.121.2874         15-MAR-98 ST_CLERK         2600                       124            50                                                               
        142 Curtis     Davies     CDAVIES    650.121.2994         29-JAN-97 ST_CLERK         3100                       124            50                                                               
        141 Trenna     Rajs       TRAJS      650.121.8009         17-OCT-95 ST_CLERK         3500                       124            50                                                               
        107 Diana      Lorentz    DLORENTZ   590.423.5567         07-FEB-99 IT_PROG          4200                       103            60                                                               
        200 Jennifer   Whalen     JWAHLEN    515.123.4444         17-SEP-87 AD_ASST          4400                       101            10                                                               
        124 Kevin      Mourgos    KMOURGOS   650.123.5234         16-NOV-99 ST_MAN           5800                       100            50                                                               
        104 Bruce      Ernst      BERNST     590.423.4568         21-MAY-91 IT_PROG          6000                       103            60                                                               
        202 Pat        Fay        PFAY       603.123.6666         17-AUG-97 MK_REP           6000                       201            20                                                               
        178 Kimerely   Grant      KGRANT     011.44.1644.429263   24-MAY-99 SA_REP           7000            .15        149                                                                             
        206 William    Gietz      WGIETZ     515.123.8181         07-JUN-94 AC_ACCOUNT       8300                       205           110                                                               
        176 Jonathon   Taylor     JTAYLOR    011.44.1644.429265   24-MAR-98 SA_REP           8600             .3        149            80                                                               
        103 Alexander  Hunold     AHUNOLD    590.423.4567         03-JAN-90 IT_PROG          9000                       102            60                                                               
        149 Eleni      Zlotkey    EZLOTKEY   011.44.1344.429018   29-JAN-00 SA_MAN          10500             .2        100            80                                                               
        174 Ellen      Abel       EABEL      011.44.1644.429267   11-MAY-96 SA_REP          11000             .3        149            80                                                               
        205 Shelley    Higgins    SHIGGINS   515.123.8080         07-JUN-94 AC_MGR          12000                       101           110                                                               
        201 Michael    Hartstein  MHARTSTE   515.123.5555         17-FEB-96 MK_MAN          13000                       100            20                                                               
        101 Neena      Kochhar    NKOCHHAR   515.123.4568         21-SEP-89 AD_VP           17000                       100            90                                                               
        102 Lex        De Haan    LDEHAAN    515.123.4569         13-JAN-93 AD_VP           17000                       100            90                                                               
        100 Steven     King       SKING      515.123.4567         17-JUL-87 AD_PRES         24000                                      90                                                               

20 rows selected.

SQL> SELECT * FROM EMPLOYEES ORDER BY 8 DESC;

EMPLOYEE_ID FIRST_NAME LAST_NAME  EMAIL      PHONE_NUMBER         HIRE_DATE JOB_ID         SALARY COMMISSION_PCT MANAGER_ID DEPARTMENT_ID                                                               
----------- ---------- ---------- ---------- -------------------- --------- ---------- ---------- -------------- ---------- -------------                                                               
        100 Steven     King       SKING      515.123.4567         17-JUL-87 AD_PRES         24000                                      90                                                               
        101 Neena      Kochhar    NKOCHHAR   515.123.4568         21-SEP-89 AD_VP           17000                       100            90                                                               
        102 Lex        De Haan    LDEHAAN    515.123.4569         13-JAN-93 AD_VP           17000                       100            90                                                               
        201 Michael    Hartstein  MHARTSTE   515.123.5555         17-FEB-96 MK_MAN          13000                       100            20                                                               
        205 Shelley    Higgins    SHIGGINS   515.123.8080         07-JUN-94 AC_MGR          12000                       101           110                                                               
        174 Ellen      Abel       EABEL      011.44.1644.429267   11-MAY-96 SA_REP          11000             .3        149            80                                                               
        149 Eleni      Zlotkey    EZLOTKEY   011.44.1344.429018   29-JAN-00 SA_MAN          10500             .2        100            80                                                               
        103 Alexander  Hunold     AHUNOLD    590.423.4567         03-JAN-90 IT_PROG          9000                       102            60                                                               
        176 Jonathon   Taylor     JTAYLOR    011.44.1644.429265   24-MAR-98 SA_REP           8600             .3        149            80                                                               
        206 William    Gietz      WGIETZ     515.123.8181         07-JUN-94 AC_ACCOUNT       8300                       205           110                                                               
        178 Kimerely   Grant      KGRANT     011.44.1644.429263   24-MAY-99 SA_REP           7000            .15        149                                                                             
        104 Bruce      Ernst      BERNST     590.423.4568         21-MAY-91 IT_PROG          6000                       103            60                                                               
        202 Pat        Fay        PFAY       603.123.6666         17-AUG-97 MK_REP           6000                       201            20                                                               
        124 Kevin      Mourgos    KMOURGOS   650.123.5234         16-NOV-99 ST_MAN           5800                       100            50                                                               
        200 Jennifer   Whalen     JWAHLEN    515.123.4444         17-SEP-87 AD_ASST          4400                       101            10                                                               
        107 Diana      Lorentz    DLORENTZ   590.423.5567         07-FEB-99 IT_PROG          4200                       103            60                                                               
        141 Trenna     Rajs       TRAJS      650.121.8009         17-OCT-95 ST_CLERK         3500                       124            50                                                               
        142 Curtis     Davies     CDAVIES    650.121.2994         29-JAN-97 ST_CLERK         3100                       124            50                                                               
        143 Randall    Matos      RMATOS     650.121.2874         15-MAR-98 ST_CLERK         2600                       124            50                                                               
        144 Peter      Vargas     PVARGAS    650.121.2004         09-JUL-98 ST_CLERK         2500                       124            50                                                               

20 rows selected.

SQL> REM WHEN WE USE META CHARACTER, IN ORDER BY CLAUSE WE CAN REFER COLUMN IN TWO WAYS : 1 COLUMN NAME 2 COLUMN POSITION
SQL> 
SQL> SELECT FIRST_NAME , SALARY PAYMENT FROM EMPLOYEES;

FIRST_NAME    PAYMENT                                                                                                                                                                                   
---------- ----------                                                                                                                                                                                   
Steven          24000                                                                                                                                                                                   
Neena           17000                                                                                                                                                                                   
Lex             17000                                                                                                                                                                                   
Alexander        9000                                                                                                                                                                                   
Bruce            6000                                                                                                                                                                                   
Diana            4200                                                                                                                                                                                   
Kevin            5800                                                                                                                                                                                   
Trenna           3500                                                                                                                                                                                   
Curtis           3100                                                                                                                                                                                   
Randall          2600                                                                                                                                                                                   
Peter            2500                                                                                                                                                                                   
Eleni           10500                                                                                                                                                                                   
Ellen           11000                                                                                                                                                                                   
Jonathon         8600                                                                                                                                                                                   
Kimerely         7000                                                                                                                                                                                   
Jennifer         4400                                                                                                                                                                                   
Michael         13000                                                                                                                                                                                   
Pat              6000                                                                                                                                                                                   
Shelley         12000                                                                                                                                                                                   
William          8300                                                                                                                                                                                   

20 rows selected.

SQL> SELECT FIRST_NAME , SALARY PAYMENT FROM EMPLOYEES ORDER BY SALARY;

FIRST_NAME    PAYMENT                                                                                                                                                                                   
---------- ----------                                                                                                                                                                                   
Peter            2500                                                                                                                                                                                   
Randall          2600                                                                                                                                                                                   
Curtis           3100                                                                                                                                                                                   
Trenna           3500                                                                                                                                                                                   
Diana            4200                                                                                                                                                                                   
Jennifer         4400                                                                                                                                                                                   
Kevin            5800                                                                                                                                                                                   
Bruce            6000                                                                                                                                                                                   
Pat              6000                                                                                                                                                                                   
Kimerely         7000                                                                                                                                                                                   
William          8300                                                                                                                                                                                   
Jonathon         8600                                                                                                                                                                                   
Alexander        9000                                                                                                                                                                                   
Eleni           10500                                                                                                                                                                                   
Ellen           11000                                                                                                                                                                                   
Shelley         12000                                                                                                                                                                                   
Michael         13000                                                                                                                                                                                   
Neena           17000                                                                                                                                                                                   
Lex             17000                                                                                                                                                                                   
Steven          24000                                                                                                                                                                                   

20 rows selected.

SQL> SELECT FIRST_NAME , SALARY PAYMENT FROM EMPLOYEES ORDER BY 2;

FIRST_NAME    PAYMENT                                                                                                                                                                                   
---------- ----------                                                                                                                                                                                   
Peter            2500                                                                                                                                                                                   
Randall          2600                                                                                                                                                                                   
Curtis           3100                                                                                                                                                                                   
Trenna           3500                                                                                                                                                                                   
Diana            4200                                                                                                                                                                                   
Jennifer         4400                                                                                                                                                                                   
Kevin            5800                                                                                                                                                                                   
Bruce            6000                                                                                                                                                                                   
Pat              6000                                                                                                                                                                                   
Kimerely         7000                                                                                                                                                                                   
William          8300                                                                                                                                                                                   
Jonathon         8600                                                                                                                                                                                   
Alexander        9000                                                                                                                                                                                   
Eleni           10500                                                                                                                                                                                   
Ellen           11000                                                                                                                                                                                   
Shelley         12000                                                                                                                                                                                   
Michael         13000                                                                                                                                                                                   
Neena           17000                                                                                                                                                                                   
Lex             17000                                                                                                                                                                                   
Steven          24000                                                                                                                                                                                   

20 rows selected.

SQL> SELECT FIRST_NAME , SALARY PAYMENT FROM EMPLOYEES ORDER BY PAYMENT;

FIRST_NAME    PAYMENT                                                                                                                                                                                   
---------- ----------                                                                                                                                                                                   
Peter            2500                                                                                                                                                                                   
Randall          2600                                                                                                                                                                                   
Curtis           3100                                                                                                                                                                                   
Trenna           3500                                                                                                                                                                                   
Diana            4200                                                                                                                                                                                   
Jennifer         4400                                                                                                                                                                                   
Kevin            5800                                                                                                                                                                                   
Bruce            6000                                                                                                                                                                                   
Pat              6000                                                                                                                                                                                   
Kimerely         7000                                                                                                                                                                                   
William          8300                                                                                                                                                                                   
Jonathon         8600                                                                                                                                                                                   
Alexander        9000                                                                                                                                                                                   
Eleni           10500                                                                                                                                                                                   
Ellen           11000                                                                                                                                                                                   
Shelley         12000                                                                                                                                                                                   
Michael         13000                                                                                                                                                                                   
Neena           17000                                                                                                                                                                                   
Lex             17000                                                                                                                                                                                   
Steven          24000                                                                                                                                                                                   

20 rows selected.

SQL> SELECT DEPARTMENT_ID , FIRST_NAME FROM EMPLOYEES;

DEPARTMENT_ID FIRST_NAME                                                                                                                                                                                
------------- ----------                                                                                                                                                                                
           90 Steven                                                                                                                                                                                    
           90 Neena                                                                                                                                                                                     
           90 Lex                                                                                                                                                                                       
           60 Alexander                                                                                                                                                                                 
           60 Bruce                                                                                                                                                                                     
           60 Diana                                                                                                                                                                                     
           50 Kevin                                                                                                                                                                                     
           50 Trenna                                                                                                                                                                                    
           50 Curtis                                                                                                                                                                                    
           50 Randall                                                                                                                                                                                   
           50 Peter                                                                                                                                                                                     
           80 Eleni                                                                                                                                                                                     
           80 Ellen                                                                                                                                                                                     
           80 Jonathon                                                                                                                                                                                  
              Kimerely                                                                                                                                                                                  
           10 Jennifer                                                                                                                                                                                  
           20 Michael                                                                                                                                                                                   
           20 Pat                                                                                                                                                                                       
          110 Shelley                                                                                                                                                                                   
          110 William                                                                                                                                                                                   

20 rows selected.

SQL> SELECT DEPARTMENT_ID , FIRST_NAME FROM EMPLOYEES ORDER BY 1;

DEPARTMENT_ID FIRST_NAME                                                                                                                                                                                
------------- ----------                                                                                                                                                                                
           10 Jennifer                                                                                                                                                                                  
           20 Michael                                                                                                                                                                                   
           20 Pat                                                                                                                                                                                       
           50 Kevin                                                                                                                                                                                     
           50 Peter                                                                                                                                                                                     
           50 Randall                                                                                                                                                                                   
           50 Curtis                                                                                                                                                                                    
           50 Trenna                                                                                                                                                                                    
           60 Diana                                                                                                                                                                                     
           60 Bruce                                                                                                                                                                                     
           60 Alexander                                                                                                                                                                                 
           80 Ellen                                                                                                                                                                                     
           80 Eleni                                                                                                                                                                                     
           80 Jonathon                                                                                                                                                                                  
           90 Lex                                                                                                                                                                                       
           90 Steven                                                                                                                                                                                    
           90 Neena                                                                                                                                                                                     
          110 William                                                                                                                                                                                   
          110 Shelley                                                                                                                                                                                   
              Kimerely                                                                                                                                                                                  

20 rows selected.

SQL> SELECT DEPARTMENT_ID , FIRST_NAME FROM EMPLOYEES ORDER BY 1,2;

DEPARTMENT_ID FIRST_NAME                                                                                                                                                                                
------------- ----------                                                                                                                                                                                
           10 Jennifer                                                                                                                                                                                  
           20 Michael                                                                                                                                                                                   
           20 Pat                                                                                                                                                                                       
           50 Curtis                                                                                                                                                                                    
           50 Kevin                                                                                                                                                                                     
           50 Peter                                                                                                                                                                                     
           50 Randall                                                                                                                                                                                   
           50 Trenna                                                                                                                                                                                    
           60 Alexander                                                                                                                                                                                 
           60 Bruce                                                                                                                                                                                     
           60 Diana                                                                                                                                                                                     
           80 Eleni                                                                                                                                                                                     
           80 Ellen                                                                                                                                                                                     
           80 Jonathon                                                                                                                                                                                  
           90 Lex                                                                                                                                                                                       
           90 Neena                                                                                                                                                                                     
           90 Steven                                                                                                                                                                                    
          110 Shelley                                                                                                                                                                                   
          110 William                                                                                                                                                                                   
              Kimerely                                                                                                                                                                                  

20 rows selected.

SQL> SELECT DEPARTMENT_ID , FIRST_NAME FROM EMPLOYEES ORDER BY 1,2 DESC;

DEPARTMENT_ID FIRST_NAME                                                                                                                                                                                
------------- ----------                                                                                                                                                                                
           10 Jennifer                                                                                                                                                                                  
           20 Pat                                                                                                                                                                                       
           20 Michael                                                                                                                                                                                   
           50 Trenna                                                                                                                                                                                    
           50 Randall                                                                                                                                                                                   
           50 Peter                                                                                                                                                                                     
           50 Kevin                                                                                                                                                                                     
           50 Curtis                                                                                                                                                                                    
           60 Diana                                                                                                                                                                                     
           60 Bruce                                                                                                                                                                                     
           60 Alexander                                                                                                                                                                                 
           80 Jonathon                                                                                                                                                                                  
           80 Ellen                                                                                                                                                                                     
           80 Eleni                                                                                                                                                                                     
           90 Steven                                                                                                                                                                                    
           90 Neena                                                                                                                                                                                     
           90 Lex                                                                                                                                                                                       
          110 William                                                                                                                                                                                   
          110 Shelley                                                                                                                                                                                   
              Kimerely                                                                                                                                                                                  

20 rows selected.

SQL> SELECT DEPARTMENT_ID , FIRST_NAME FROM EMPLOYEES ORDER BY 1 DESC NULLS LAST,2;

DEPARTMENT_ID FIRST_NAME                                                                                                                                                                                
------------- ----------                                                                                                                                                                                
          110 Shelley                                                                                                                                                                                   
          110 William                                                                                                                                                                                   
           90 Lex                                                                                                                                                                                       
           90 Neena                                                                                                                                                                                     
           90 Steven                                                                                                                                                                                    
           80 Eleni                                                                                                                                                                                     
           80 Ellen                                                                                                                                                                                     
           80 Jonathon                                                                                                                                                                                  
           60 Alexander                                                                                                                                                                                 
           60 Bruce                                                                                                                                                                                     
           60 Diana                                                                                                                                                                                     
           50 Curtis                                                                                                                                                                                    
           50 Kevin                                                                                                                                                                                     
           50 Peter                                                                                                                                                                                     
           50 Randall                                                                                                                                                                                   
           50 Trenna                                                                                                                                                                                    
           20 Michael                                                                                                                                                                                   
           20 Pat                                                                                                                                                                                       
           10 Jennifer                                                                                                                                                                                  
              Kimerely                                                                                                                                                                                  

20 rows selected.

SQL> SELECT JOB_ID , LAST_NAME FROM EMPLOYEES ORDER BY 1;

JOB_ID     LAST_NAME                                                                                                                                                                                    
---------- ----------                                                                                                                                                                                   
AC_ACCOUNT Gietz                                                                                                                                                                                        
AC_MGR     Higgins                                                                                                                                                                                      
AD_ASST    Whalen                                                                                                                                                                                       
AD_PRES    King                                                                                                                                                                                         
AD_VP      De Haan                                                                                                                                                                                      
AD_VP      Kochhar                                                                                                                                                                                      
IT_PROG    Hunold                                                                                                                                                                                       
IT_PROG    Ernst                                                                                                                                                                                        
IT_PROG    Lorentz                                                                                                                                                                                      
MK_MAN     Hartstein                                                                                                                                                                                    
MK_REP     Fay                                                                                                                                                                                          
SA_MAN     Zlotkey                                                                                                                                                                                      
SA_REP     Abel                                                                                                                                                                                         
SA_REP     Grant                                                                                                                                                                                        
SA_REP     Taylor                                                                                                                                                                                       
ST_CLERK   Matos                                                                                                                                                                                        
ST_CLERK   Davies                                                                                                                                                                                       
ST_CLERK   Rajs                                                                                                                                                                                         
ST_CLERK   Vargas                                                                                                                                                                                       
ST_MAN     Mourgos                                                                                                                                                                                      

20 rows selected.

SQL> SELECT JOB_ID , LAST_NAME FROM EMPLOYEES ORDER BY 1, 2 DESC;

JOB_ID     LAST_NAME                                                                                                                                                                                    
---------- ----------                                                                                                                                                                                   
AC_ACCOUNT Gietz                                                                                                                                                                                        
AC_MGR     Higgins                                                                                                                                                                                      
AD_ASST    Whalen                                                                                                                                                                                       
AD_PRES    King                                                                                                                                                                                         
AD_VP      Kochhar                                                                                                                                                                                      
AD_VP      De Haan                                                                                                                                                                                      
IT_PROG    Lorentz                                                                                                                                                                                      
IT_PROG    Hunold                                                                                                                                                                                       
IT_PROG    Ernst                                                                                                                                                                                        
MK_MAN     Hartstein                                                                                                                                                                                    
MK_REP     Fay                                                                                                                                                                                          
SA_MAN     Zlotkey                                                                                                                                                                                      
SA_REP     Taylor                                                                                                                                                                                       
SA_REP     Grant                                                                                                                                                                                        
SA_REP     Abel                                                                                                                                                                                         
ST_CLERK   Vargas                                                                                                                                                                                       
ST_CLERK   Rajs                                                                                                                                                                                         
ST_CLERK   Matos                                                                                                                                                                                        
ST_CLERK   Davies                                                                                                                                                                                       
ST_MAN     Mourgos                                                                                                                                                                                      

20 rows selected.

SQL> SPOOL OFF
