SQL> 
SQL> REM DML : INSERT UPDATE DELETE
SQL> 
SQL> REM TCL : COMMIT ROLLBACK SAVEPOINT
SQL> 
SQL> REM DDL : TRUNCATE DROP FLASHBACK
SQL> 
SQL> REM TRANSACTION : BUNCH/GROUP OF DML STATEMENTS WITHIN SINGLE SESSION
SQL> 
SQL> REM SESSTION : TIME BETWEEN LOGIN AND LOGOUT
SQL> 
SQL> REM TWO TYPES OF INSERT : 1 INSERT .. VALUES  2 INSERT WITH SUB QUERY
SQL> 
SQL> SELECT * FROM R1;

 REGION_ID REGION_NAME                                                                                                                                                                                                                                                                                                                                                                                          
---------- -------------------------                                                                                                                                                                                                                                                                                                                                                                            
         1 Europe                                                                                                                                                                                                                                                                                                                                                                                               
         2 Americas                                                                                                                                                                                                                                                                                                                                                                                             
         3 Asia                                                                                                                                                                                                                                                                                                                                                                                                 
         4 Middle East and Africa                                                                                                                                                                                                                                                                                                                                                                               

SQL> DELETE R1 WHERE REGION_ID IN (2,4);

2 rows deleted.

SQL> COMMIT;

Commit complete.

SQL> 
SQL> SELECT * FROM R1;

 REGION_ID REGION_NAME                                                                                                                                                                                                                                                                                                                                                                                          
---------- -------------------------                                                                                                                                                                                                                                                                                                                                                                            
         1 Europe                                                                                                                                                                                                                                                                                                                                                                                               
         3 Asia                                                                                                                                                                                                                                                                                                                                                                                                 

SQL> SELECT * FROM REGIONS;

 REGION_ID REGION_NAME                                                                                                                                                                                                                                                                                                                                                                                          
---------- -------------------------                                                                                                                                                                                                                                                                                                                                                                            
         1 Europe                                                                                                                                                                                                                                                                                                                                                                                               
         2 Americas                                                                                                                                                                                                                                                                                                                                                                                             
         3 Asia                                                                                                                                                                                                                                                                                                                                                                                                 
         4 Middle East and Africa                                                                                                                                                                                                                                                                                                                                                                               

SQL> DESC R1
 Name                                                                                                                                                                                                                                      Null?    Type
 ----------------------------------------------------------------------------------------------------------------------------------------------------------------------------------------------------------------------------------------- -------- ------------------------------------------------------------------------------------------------------------------------------------------------------------
 REGION_ID                                                                                                                                                                                                                                 NOT NULL NUMBER
 REGION_NAME                                                                                                                                                                                                                                        VARCHAR2(25)

SQL> SET LINES 100
SQL> 
SQL> DESC R1
 Name                                                  Null?    Type
 ----------------------------------------------------- -------- ------------------------------------
 REGION_ID                                             NOT NULL NUMBER
 REGION_NAME                                                    VARCHAR2(25)

SQL> DESC REGIONS
 Name                                                  Null?    Type
 ----------------------------------------------------- -------- ------------------------------------
 REGION_ID                                             NOT NULL NUMBER
 REGION_NAME                                                    VARCHAR2(25)

SQL> INSERT INTO R1 SELECT * FROM REGIONS WHERE REGION_ID IN (3,4);

2 rows created.

SQL> SELECT * FROM R1;

 REGION_ID REGION_NAME                                                                              
---------- -------------------------                                                                
         1 Europe                                                                                   
         3 Asia                                                                                     
         3 Asia                                                                                     
         4 Middle East and Africa                                                                   

SQL> ROLL
Rollback complete.
SQL> SELECT * FROM R1;

 REGION_ID REGION_NAME                                                                              
---------- -------------------------                                                                
         1 Europe                                                                                   
         3 Asia                                                                                     

SQL> INSERT INTO R1 SELECT * FROM REGIONS WHERE REGION_ID IN (3,4);

2 rows created.

SQL> COMMIT;

Commit complete.

SQL> SELECT * FROM R1;

 REGION_ID REGION_NAME                                                                              
---------- -------------------------                                                                
         1 Europe                                                                                   
         3 Asia                                                                                     
         3 Asia                                                                                     
         4 Middle East and Africa                                                                   

SQL> ROLLBACK;

Rollback complete.

SQL> SELECT * FROM R1;

 REGION_ID REGION_NAME                                                                              
---------- -------------------------                                                                
         1 Europe                                                                                   
         3 Asia                                                                                     
         3 Asia                                                                                     
         4 Middle East and Africa                                                                   

SQL> REM UPDATE : TO EDIT/CHANGE/UPDATE/MODIFY EXISTING VALUES OF EXISTING ROWS
SQL> 
SQL> UPDATE R1 SET REGION_NAME = UPPER(REGION_NAME);

4 rows updated.

SQL> SELECT * FROM R1;

 REGION_ID REGION_NAME                                                                              
---------- -------------------------                                                                
         1 EUROPE                                                                                   
         3 ASIA                                                                                     
         3 ASIA                                                                                     
         4 MIDDLE EAST AND AFRICA                                                                   

SQL> ROLLBACK;

Rollback complete.

SQL> SELECT * FROM R1;

 REGION_ID REGION_NAME                                                                              
---------- -------------------------                                                                
         1 Europe                                                                                   
         3 Asia                                                                                     
         3 Asia                                                                                     
         4 Middle East and Africa                                                                   

SQL> UPDATE R1 SET REGION_NAME = UPPER(REGION_NAME) WHERE REGION_ID = 1;

1 row updated.

SQL> SELECT * FROM R1;

 REGION_ID REGION_NAME                                                                              
---------- -------------------------                                                                
         1 EUROPE                                                                                   
         3 Asia                                                                                     
         3 Asia                                                                                     
         4 Middle East and Africa                                                                   

SQL> UPDATE R1 SET REGION_NAME = LOWER(REGION_NAME) WHERE REGION_ID = 4;

1 row updated.

SQL> SELECT * FROM R1;

 REGION_ID REGION_NAME                                                                              
---------- -------------------------                                                                
         1 EUROPE                                                                                   
         3 Asia                                                                                     
         3 Asia                                                                                     
         4 middle east and africa                                                                   

SQL> UPDATE R1 SET REGION_NAME = 'Africa' WHERE REGION_ID = 4;

1 row updated.

SQL> SELECT * FROM R1;

 REGION_ID REGION_NAME                                                                              
---------- -------------------------                                                                
         1 EUROPE                                                                                   
         3 Asia                                                                                     
         3 Asia                                                                                     
         4 Africa                                                                                   

SQL> UPDATE R1 SET REGION_ID = REGION_ID + 10;

4 rows updated.

SQL> SELECT * FROM R1;

 REGION_ID REGION_NAME                                                                              
---------- -------------------------                                                                
        11 EUROPE                                                                                   
        13 Asia                                                                                     
        13 Asia                                                                                     
        14 Africa                                                                                   

SQL> UPDATE R1 SET REGION_ID = REGION_ID - 10;

4 rows updated.

SQL> SELECT * FROM R1;

 REGION_ID REGION_NAME                                                                              
---------- -------------------------                                                                
         1 EUROPE                                                                                   
         3 Asia                                                                                     
         3 Asia                                                                                     
         4 Africa                                                                                   

SQL> UPDATE R1 SET REGION_ID = REGION_ID + 10 , REGION_NAME = UPPER(REGION_NAME) WHERE REGION_ID = 3;

2 rows updated.

SQL> SELECT * FROM R1;

 REGION_ID REGION_NAME                                                                              
---------- -------------------------                                                                
         1 EUROPE                                                                                   
        13 ASIA                                                                                     
        13 ASIA                                                                                     
         4 Africa                                                                                   

SQL> SELECT * FROM REGIONS;

 REGION_ID REGION_NAME                                                                              
---------- -------------------------                                                                
         1 Europe                                                                                   
         2 Americas                                                                                 
         3 Asia                                                                                     
         4 Middle East and Africa                                                                   

SQL> UPDATE R1 SET REGION_NAME = (SELECT REGION_NAME FROM REGIONS WHERE REGION_ID = 2) WHERE REGION_ID = 4;

1 row updated.

SQL> SELECT * FROM R1;

 REGION_ID REGION_NAME                                                                              
---------- -------------------------                                                                
         1 EUROPE                                                                                   
        13 ASIA                                                                                     
        13 ASIA                                                                                     
         4 Americas                                                                                 

SQL> DROP TABLE E1;

Table dropped.

SQL> CREATE TABLE E1 AS SELECT * FROM EMPLOYEES;

Table created.

SQL> SELECT * FROM E1;

EMPLOYEE_ID FIRST_NAME LAST_NAME  EMAIL      PHONE_NUMBER         HIRE_DATE JOB_ID         SALARY   
----------- ---------- ---------- ---------- -------------------- --------- ---------- ----------   
COMMISSION_PCT MANAGER_ID DEPARTMENT_ID                                                             
-------------- ---------- -------------                                                             
        100 Steven     King       SKING      515.123.4567         17-JUL-87 AD_PRES         24000   
                                     90                                                             
                                                                                                    
        101 Neena      Kochhar    NKOCHHAR   515.123.4568         21-SEP-89 AD_VP           17000   
                      100            90                                                             
                                                                                                    
        102 Lex        De Haan    LDEHAAN    515.123.4569         13-JAN-93 AD_VP           17000   
                      100            90                                                             
                                                                                                    
        103 Alexander  Hunold     AHUNOLD    590.423.4567         03-JAN-90 IT_PROG          9000   
                      102            60                                                             
                                                                                                    
        104 Bruce      Ernst      BERNST     590.423.4568         21-MAY-91 IT_PROG          6000   
                      103            60                                                             
                                                                                                    
        107 Diana      Lorentz    DLORENTZ   590.423.5567         07-FEB-99 IT_PROG          4200   
                      103            60                                                             
                                                                                                    
        124 Kevin      Mourgos    KMOURGOS   650.123.5234         16-NOV-99 ST_MAN           5800   

EMPLOYEE_ID FIRST_NAME LAST_NAME  EMAIL      PHONE_NUMBER         HIRE_DATE JOB_ID         SALARY   
----------- ---------- ---------- ---------- -------------------- --------- ---------- ----------   
COMMISSION_PCT MANAGER_ID DEPARTMENT_ID                                                             
-------------- ---------- -------------                                                             
                      100            50                                                             
                                                                                                    
        141 Trenna     Rajs       TRAJS      650.121.8009         17-OCT-95 ST_CLERK         3500   
                      124            50                                                             
                                                                                                    
        142 Curtis     Davies     CDAVIES    650.121.2994         29-JAN-97 ST_CLERK         3100   
                      124            50                                                             
                                                                                                    
        143 Randall    Matos      RMATOS     650.121.2874         15-MAR-98 ST_CLERK         2600   
                      124            50                                                             
                                                                                                    
        144 Peter      Vargas     PVARGAS    650.121.2004         09-JUL-98 ST_CLERK         2500   
                      124            50                                                             
                                                                                                    
        149 Eleni      Zlotkey    EZLOTKEY   011.44.1344.429018   29-JAN-00 SA_MAN          10500   
            .2        100            80                                                             
                                                                                                    
        174 Ellen      Abel       EABEL      011.44.1644.429267   11-MAY-96 SA_REP          11000   
            .3        149            80                                                             

EMPLOYEE_ID FIRST_NAME LAST_NAME  EMAIL      PHONE_NUMBER         HIRE_DATE JOB_ID         SALARY   
----------- ---------- ---------- ---------- -------------------- --------- ---------- ----------   
COMMISSION_PCT MANAGER_ID DEPARTMENT_ID                                                             
-------------- ---------- -------------                                                             
                                                                                                    
        176 Jonathon   Taylor     JTAYLOR    011.44.1644.429265   24-MAR-98 SA_REP           8600   
            .3        149            80                                                             
                                                                                                    
        178 Kimerely   Grant      KGRANT     011.44.1644.429263   24-MAY-99 SA_REP           7000   
           .15        149                                                                           
                                                                                                    
        200 Jennifer   Whalen     JWAHLEN    515.123.4444         17-SEP-87 AD_ASST          4400   
                      101            10                                                             
                                                                                                    
        201 Michael    Hartstein  MHARTSTE   515.123.5555         17-FEB-96 MK_MAN          13000   
                      100            20                                                             
                                                                                                    
        202 Pat        Fay        PFAY       603.123.6666         17-AUG-97 MK_REP           6000   
                      201            20                                                             
                                                                                                    
        205 Shelley    Higgins    SHIGGINS   515.123.8080         07-JUN-94 AC_MGR          12000   
                      101           110                                                             
                                                                                                    

EMPLOYEE_ID FIRST_NAME LAST_NAME  EMAIL      PHONE_NUMBER         HIRE_DATE JOB_ID         SALARY   
----------- ---------- ---------- ---------- -------------------- --------- ---------- ----------   
COMMISSION_PCT MANAGER_ID DEPARTMENT_ID                                                             
-------------- ---------- -------------                                                             
        206 William    Gietz      WGIETZ     515.123.8181         07-JUN-94 AC_ACCOUNT       8300   
                      205           110                                                             
                                                                                                    

20 rows selected.

SQL> SET LINES200
SQL> 
SQL> SET LINES 200
SQL> 
SQL> R
  1* SELECT * FROM E1

EMPLOYEE_ID FIRST_NAME LAST_NAME  EMAIL      PHONE_NUMBER         HIRE_DATE JOB_ID         SALARY COMMISSION_PCT MANAGER_ID DEPARTMENT_ID                                                               
----------- ---------- ---------- ---------- -------------------- --------- ---------- ---------- -------------- ---------- -------------                                                               
        100 Steven     King       SKING      515.123.4567         17-JUL-87 AD_PRES         24000                                      90                                                               
        101 Neena      Kochhar    NKOCHHAR   515.123.4568         21-SEP-89 AD_VP           17000                       100            90                                                               
        102 Lex        De Haan    LDEHAAN    515.123.4569         13-JAN-93 AD_VP           17000                       100            90                                                               
        103 Alexander  Hunold     AHUNOLD    590.423.4567         03-JAN-90 IT_PROG          9000                       102            60                                                               
        104 Bruce      Ernst      BERNST     590.423.4568         21-MAY-91 IT_PROG          6000                       103            60                                                               
        107 Diana      Lorentz    DLORENTZ   590.423.5567         07-FEB-99 IT_PROG          4200                       103            60                                                               
        124 Kevin      Mourgos    KMOURGOS   650.123.5234         16-NOV-99 ST_MAN           5800                       100            50                                                               
        141 Trenna     Rajs       TRAJS      650.121.8009         17-OCT-95 ST_CLERK         3500                       124            50                                                               
        142 Curtis     Davies     CDAVIES    650.121.2994         29-JAN-97 ST_CLERK         3100                       124            50                                                               
        143 Randall    Matos      RMATOS     650.121.2874         15-MAR-98 ST_CLERK         2600                       124            50                                                               
        144 Peter      Vargas     PVARGAS    650.121.2004         09-JUL-98 ST_CLERK         2500                       124            50                                                               
        149 Eleni      Zlotkey    EZLOTKEY   011.44.1344.429018   29-JAN-00 SA_MAN          10500             .2        100            80                                                               
        174 Ellen      Abel       EABEL      011.44.1644.429267   11-MAY-96 SA_REP          11000             .3        149            80                                                               
        176 Jonathon   Taylor     JTAYLOR    011.44.1644.429265   24-MAR-98 SA_REP           8600             .3        149            80                                                               
        178 Kimerely   Grant      KGRANT     011.44.1644.429263   24-MAY-99 SA_REP           7000            .15        149                                                                             
        200 Jennifer   Whalen     JWAHLEN    515.123.4444         17-SEP-87 AD_ASST          4400                       101            10                                                               
        201 Michael    Hartstein  MHARTSTE   515.123.5555         17-FEB-96 MK_MAN          13000                       100            20                                                               
        202 Pat        Fay        PFAY       603.123.6666         17-AUG-97 MK_REP           6000                       201            20                                                               
        205 Shelley    Higgins    SHIGGINS   515.123.8080         07-JUN-94 AC_MGR          12000                       101           110                                                               
        206 William    Gietz      WGIETZ     515.123.8181         07-JUN-94 AC_ACCOUNT       8300                       205           110                                                               

20 rows selected.

SQL> SELECT * FROM DEPARTMENTS;

DEPARTMENT_ID DEPARTMENT_NAME                MANAGER_ID LOCATION_ID                                                                                                                                     
------------- ------------------------------ ---------- -----------                                                                                                                                     
           10 Administration                        200        1700                                                                                                                                     
           20 Marketing                             201        1800                                                                                                                                     
           50 Shiping                               124        1500                                                                                                                                     
           60 IT                                    103        1400                                                                                                                                     
           80 Sales                                 149        2500                                                                                                                                     
           90 Executive                             100        1700                                                                                                                                     
          110 Accounting                            205        1700                                                                                                                                     
          190 Contracting                                      1700                                                                                                                                     

8 rows selected.

SQL> UPDATE E1 SET SALARY = SALARY + 1500 WHERE DEPARTMENT_ID = (SELECT DEPARTMENT_ID FROM DEPARTMENTS WHERE DEPARTMENT_NAME = 'Executive');

3 rows updated.

SQL> SELECT * FROM E1;

EMPLOYEE_ID FIRST_NAME LAST_NAME  EMAIL      PHONE_NUMBER         HIRE_DATE JOB_ID         SALARY COMMISSION_PCT MANAGER_ID DEPARTMENT_ID                                                               
----------- ---------- ---------- ---------- -------------------- --------- ---------- ---------- -------------- ---------- -------------                                                               
        100 Steven     King       SKING      515.123.4567         17-JUL-87 AD_PRES         25500                                      90                                                               
        101 Neena      Kochhar    NKOCHHAR   515.123.4568         21-SEP-89 AD_VP           18500                       100            90                                                               
        102 Lex        De Haan    LDEHAAN    515.123.4569         13-JAN-93 AD_VP           18500                       100            90                                                               
        103 Alexander  Hunold     AHUNOLD    590.423.4567         03-JAN-90 IT_PROG          9000                       102            60                                                               
        104 Bruce      Ernst      BERNST     590.423.4568         21-MAY-91 IT_PROG          6000                       103            60                                                               
        107 Diana      Lorentz    DLORENTZ   590.423.5567         07-FEB-99 IT_PROG          4200                       103            60                                                               
        124 Kevin      Mourgos    KMOURGOS   650.123.5234         16-NOV-99 ST_MAN           5800                       100            50                                                               
        141 Trenna     Rajs       TRAJS      650.121.8009         17-OCT-95 ST_CLERK         3500                       124            50                                                               
        142 Curtis     Davies     CDAVIES    650.121.2994         29-JAN-97 ST_CLERK         3100                       124            50                                                               
        143 Randall    Matos      RMATOS     650.121.2874         15-MAR-98 ST_CLERK         2600                       124            50                                                               
        144 Peter      Vargas     PVARGAS    650.121.2004         09-JUL-98 ST_CLERK         2500                       124            50                                                               
        149 Eleni      Zlotkey    EZLOTKEY   011.44.1344.429018   29-JAN-00 SA_MAN          10500             .2        100            80                                                               
        174 Ellen      Abel       EABEL      011.44.1644.429267   11-MAY-96 SA_REP          11000             .3        149            80                                                               
        176 Jonathon   Taylor     JTAYLOR    011.44.1644.429265   24-MAR-98 SA_REP           8600             .3        149            80                                                               
        178 Kimerely   Grant      KGRANT     011.44.1644.429263   24-MAY-99 SA_REP           7000            .15        149                                                                             
        200 Jennifer   Whalen     JWAHLEN    515.123.4444         17-SEP-87 AD_ASST          4400                       101            10                                                               
        201 Michael    Hartstein  MHARTSTE   515.123.5555         17-FEB-96 MK_MAN          13000                       100            20                                                               
        202 Pat        Fay        PFAY       603.123.6666         17-AUG-97 MK_REP           6000                       201            20                                                               
        205 Shelley    Higgins    SHIGGINS   515.123.8080         07-JUN-94 AC_MGR          12000                       101           110                                                               
        206 William    Gietz      WGIETZ     515.123.8181         07-JUN-94 AC_ACCOUNT       8300                       205           110                                                               

20 rows selected.

SQL> REM DELETE : TO DELETE/REMOVE ROWS FROM TABLE
SQL> 
SQL> SELECT * FROM R1;

 REGION_ID REGION_NAME                                                                                                                                                                                  
---------- -------------------------                                                                                                                                                                    
         1 EUROPE                                                                                                                                                                                       
        13 ASIA                                                                                                                                                                                         
        13 ASIA                                                                                                                                                                                         
         4 Americas                                                                                                                                                                                     

SQL> DELETE R1;

4 rows deleted.

SQL> SELECT * FROM R1;

no rows selected

SQL> ROLL
Rollback complete.
SQL> SELECT * FROM R1;

 REGION_ID REGION_NAME                                                                                                                                                                                  
---------- -------------------------                                                                                                                                                                    
         1 EUROPE                                                                                                                                                                                       
        13 ASIA                                                                                                                                                                                         
        13 ASIA                                                                                                                                                                                         
         4 Americas                                                                                                                                                                                     

SQL> SELECT * FROM E1;

EMPLOYEE_ID FIRST_NAME LAST_NAME  EMAIL      PHONE_NUMBER         HIRE_DATE JOB_ID         SALARY COMMISSION_PCT MANAGER_ID DEPARTMENT_ID                                                               
----------- ---------- ---------- ---------- -------------------- --------- ---------- ---------- -------------- ---------- -------------                                                               
        100 Steven     King       SKING      515.123.4567         17-JUL-87 AD_PRES         24000                                      90                                                               
        101 Neena      Kochhar    NKOCHHAR   515.123.4568         21-SEP-89 AD_VP           17000                       100            90                                                               
        102 Lex        De Haan    LDEHAAN    515.123.4569         13-JAN-93 AD_VP           17000                       100            90                                                               
        103 Alexander  Hunold     AHUNOLD    590.423.4567         03-JAN-90 IT_PROG          9000                       102            60                                                               
        104 Bruce      Ernst      BERNST     590.423.4568         21-MAY-91 IT_PROG          6000                       103            60                                                               
        107 Diana      Lorentz    DLORENTZ   590.423.5567         07-FEB-99 IT_PROG          4200                       103            60                                                               
        124 Kevin      Mourgos    KMOURGOS   650.123.5234         16-NOV-99 ST_MAN           5800                       100            50                                                               
        141 Trenna     Rajs       TRAJS      650.121.8009         17-OCT-95 ST_CLERK         3500                       124            50                                                               
        142 Curtis     Davies     CDAVIES    650.121.2994         29-JAN-97 ST_CLERK         3100                       124            50                                                               
        143 Randall    Matos      RMATOS     650.121.2874         15-MAR-98 ST_CLERK         2600                       124            50                                                               
        144 Peter      Vargas     PVARGAS    650.121.2004         09-JUL-98 ST_CLERK         2500                       124            50                                                               
        149 Eleni      Zlotkey    EZLOTKEY   011.44.1344.429018   29-JAN-00 SA_MAN          10500             .2        100            80                                                               
        174 Ellen      Abel       EABEL      011.44.1644.429267   11-MAY-96 SA_REP          11000             .3        149            80                                                               
        176 Jonathon   Taylor     JTAYLOR    011.44.1644.429265   24-MAR-98 SA_REP           8600             .3        149            80                                                               
        178 Kimerely   Grant      KGRANT     011.44.1644.429263   24-MAY-99 SA_REP           7000            .15        149                                                                             
        200 Jennifer   Whalen     JWAHLEN    515.123.4444         17-SEP-87 AD_ASST          4400                       101            10                                                               
        201 Michael    Hartstein  MHARTSTE   515.123.5555         17-FEB-96 MK_MAN          13000                       100            20                                                               
        202 Pat        Fay        PFAY       603.123.6666         17-AUG-97 MK_REP           6000                       201            20                                                               
        205 Shelley    Higgins    SHIGGINS   515.123.8080         07-JUN-94 AC_MGR          12000                       101           110                                                               
        206 William    Gietz      WGIETZ     515.123.8181         07-JUN-94 AC_ACCOUNT       8300                       205           110                                                               

20 rows selected.

SQL> REM DELETE THOSE WHO GETS SALARY LESS THAN 10000
SQL> 
SQL> DELETE E1 WHERE SALARY < 10000;

13 rows deleted.

SQL> SELECT * FROM E1;

EMPLOYEE_ID FIRST_NAME LAST_NAME  EMAIL      PHONE_NUMBER         HIRE_DATE JOB_ID         SALARY COMMISSION_PCT MANAGER_ID DEPARTMENT_ID                                                               
----------- ---------- ---------- ---------- -------------------- --------- ---------- ---------- -------------- ---------- -------------                                                               
        100 Steven     King       SKING      515.123.4567         17-JUL-87 AD_PRES         24000                                      90                                                               
        101 Neena      Kochhar    NKOCHHAR   515.123.4568         21-SEP-89 AD_VP           17000                       100            90                                                               
        102 Lex        De Haan    LDEHAAN    515.123.4569         13-JAN-93 AD_VP           17000                       100            90                                                               
        149 Eleni      Zlotkey    EZLOTKEY   011.44.1344.429018   29-JAN-00 SA_MAN          10500             .2        100            80                                                               
        174 Ellen      Abel       EABEL      011.44.1644.429267   11-MAY-96 SA_REP          11000             .3        149            80                                                               
        201 Michael    Hartstein  MHARTSTE   515.123.5555         17-FEB-96 MK_MAN          13000                       100            20                                                               
        205 Shelley    Higgins    SHIGGINS   515.123.8080         07-JUN-94 AC_MGR          12000                       101           110                                                               

7 rows selected.

SQL> ROLL
Rollback complete.
SQL> SELECT * FROM E1;

EMPLOYEE_ID FIRST_NAME LAST_NAME  EMAIL      PHONE_NUMBER         HIRE_DATE JOB_ID         SALARY COMMISSION_PCT MANAGER_ID DEPARTMENT_ID                                                               
----------- ---------- ---------- ---------- -------------------- --------- ---------- ---------- -------------- ---------- -------------                                                               
        100 Steven     King       SKING      515.123.4567         17-JUL-87 AD_PRES         24000                                      90                                                               
        101 Neena      Kochhar    NKOCHHAR   515.123.4568         21-SEP-89 AD_VP           17000                       100            90                                                               
        102 Lex        De Haan    LDEHAAN    515.123.4569         13-JAN-93 AD_VP           17000                       100            90                                                               
        103 Alexander  Hunold     AHUNOLD    590.423.4567         03-JAN-90 IT_PROG          9000                       102            60                                                               
        104 Bruce      Ernst      BERNST     590.423.4568         21-MAY-91 IT_PROG          6000                       103            60                                                               
        107 Diana      Lorentz    DLORENTZ   590.423.5567         07-FEB-99 IT_PROG          4200                       103            60                                                               
        124 Kevin      Mourgos    KMOURGOS   650.123.5234         16-NOV-99 ST_MAN           5800                       100            50                                                               
        141 Trenna     Rajs       TRAJS      650.121.8009         17-OCT-95 ST_CLERK         3500                       124            50                                                               
        142 Curtis     Davies     CDAVIES    650.121.2994         29-JAN-97 ST_CLERK         3100                       124            50                                                               
        143 Randall    Matos      RMATOS     650.121.2874         15-MAR-98 ST_CLERK         2600                       124            50                                                               
        144 Peter      Vargas     PVARGAS    650.121.2004         09-JUL-98 ST_CLERK         2500                       124            50                                                               
        149 Eleni      Zlotkey    EZLOTKEY   011.44.1344.429018   29-JAN-00 SA_MAN          10500             .2        100            80                                                               
        174 Ellen      Abel       EABEL      011.44.1644.429267   11-MAY-96 SA_REP          11000             .3        149            80                                                               
        176 Jonathon   Taylor     JTAYLOR    011.44.1644.429265   24-MAR-98 SA_REP           8600             .3        149            80                                                               
        178 Kimerely   Grant      KGRANT     011.44.1644.429263   24-MAY-99 SA_REP           7000            .15        149                                                                             
        200 Jennifer   Whalen     JWAHLEN    515.123.4444         17-SEP-87 AD_ASST          4400                       101            10                                                               
        201 Michael    Hartstein  MHARTSTE   515.123.5555         17-FEB-96 MK_MAN          13000                       100            20                                                               
        202 Pat        Fay        PFAY       603.123.6666         17-AUG-97 MK_REP           6000                       201            20                                                               
        205 Shelley    Higgins    SHIGGINS   515.123.8080         07-JUN-94 AC_MGR          12000                       101           110                                                               
        206 William    Gietz      WGIETZ     515.123.8181         07-JUN-94 AC_ACCOUNT       8300                       205           110                                                               

20 rows selected.

SQL> SELECT * FROM DEPARTMENTS;

DEPARTMENT_ID DEPARTMENT_NAME                MANAGER_ID LOCATION_ID                                                                                                                                     
------------- ------------------------------ ---------- -----------                                                                                                                                     
           10 Administration                        200        1700                                                                                                                                     
           20 Marketing                             201        1800                                                                                                                                     
           50 Shiping                               124        1500                                                                                                                                     
           60 IT                                    103        1400                                                                                                                                     
           80 Sales                                 149        2500                                                                                                                                     
           90 Executive                             100        1700                                                                                                                                     
          110 Accounting                            205        1700                                                                                                                                     
          190 Contracting                                      1700                                                                                                                                     

8 rows selected.

SQL> DELETE E1 WHERE DEPARTMENT_ID IN (SELECT DEPARTMENT_ID FROM DEPARTMENTS WHERE MANAGER_ID = 100);

3 rows deleted.

SQL> SELECT * FROM E1;

EMPLOYEE_ID FIRST_NAME LAST_NAME  EMAIL      PHONE_NUMBER         HIRE_DATE JOB_ID         SALARY COMMISSION_PCT MANAGER_ID DEPARTMENT_ID                                                               
----------- ---------- ---------- ---------- -------------------- --------- ---------- ---------- -------------- ---------- -------------                                                               
        103 Alexander  Hunold     AHUNOLD    590.423.4567         03-JAN-90 IT_PROG          9000                       102            60                                                               
        104 Bruce      Ernst      BERNST     590.423.4568         21-MAY-91 IT_PROG          6000                       103            60                                                               
        107 Diana      Lorentz    DLORENTZ   590.423.5567         07-FEB-99 IT_PROG          4200                       103            60                                                               
        124 Kevin      Mourgos    KMOURGOS   650.123.5234         16-NOV-99 ST_MAN           5800                       100            50                                                               
        141 Trenna     Rajs       TRAJS      650.121.8009         17-OCT-95 ST_CLERK         3500                       124            50                                                               
        142 Curtis     Davies     CDAVIES    650.121.2994         29-JAN-97 ST_CLERK         3100                       124            50                                                               
        143 Randall    Matos      RMATOS     650.121.2874         15-MAR-98 ST_CLERK         2600                       124            50                                                               
        144 Peter      Vargas     PVARGAS    650.121.2004         09-JUL-98 ST_CLERK         2500                       124            50                                                               
        149 Eleni      Zlotkey    EZLOTKEY   011.44.1344.429018   29-JAN-00 SA_MAN          10500             .2        100            80                                                               
        174 Ellen      Abel       EABEL      011.44.1644.429267   11-MAY-96 SA_REP          11000             .3        149            80                                                               
        176 Jonathon   Taylor     JTAYLOR    011.44.1644.429265   24-MAR-98 SA_REP           8600             .3        149            80                                                               
        178 Kimerely   Grant      KGRANT     011.44.1644.429263   24-MAY-99 SA_REP           7000            .15        149                                                                             
        200 Jennifer   Whalen     JWAHLEN    515.123.4444         17-SEP-87 AD_ASST          4400                       101            10                                                               
        201 Michael    Hartstein  MHARTSTE   515.123.5555         17-FEB-96 MK_MAN          13000                       100            20                                                               
        202 Pat        Fay        PFAY       603.123.6666         17-AUG-97 MK_REP           6000                       201            20                                                               
        205 Shelley    Higgins    SHIGGINS   515.123.8080         07-JUN-94 AC_MGR          12000                       101           110                                                               
        206 William    Gietz      WGIETZ     515.123.8181         07-JUN-94 AC_ACCOUNT       8300                       205           110                                                               

17 rows selected.

SQL> REM DML : INSERT UPDATE DELETE
SQL> 
SQL> REM TCL : COMMIT ROLLBACK SAVEPOINT
SQL> 
SQL> REM DDL : TRUNCATE DROP FLASHBACK
SQL> 
SQL> REM DELETE : IT CAN DELETE SINGLE , MULTIPLE OR ALL ROWS OF TABLE, WE CAN UNDO/ROLLBACK THE CHANGES BEFORE COMMIT
SQL> 
SQL> REM TRUNCATE : IT WILL DELETE ALL ROWS OF TABLE PERMANENTLY, WE CAN'T GET IT BACK ANY WAY. IT WILL KEEP DEFINITION OF TABLE INTACT.
SQL> 
SQL> REM DELETE : IT CAN DELETE SINGLE , MULTIPLE OR ALL ROWS OF TABLE, WE CAN UNDO/ROLLBACK THE CHANGES BEFORE COMMIT. IT WILL KEEP DEFINITION OF TABLE INTACT.
SQL> 
SQL> SELECT * FROM E1;

EMPLOYEE_ID FIRST_NAME LAST_NAME  EMAIL      PHONE_NUMBER         HIRE_DATE JOB_ID         SALARY COMMISSION_PCT MANAGER_ID DEPARTMENT_ID                                                               
----------- ---------- ---------- ---------- -------------------- --------- ---------- ---------- -------------- ---------- -------------                                                               
        103 Alexander  Hunold     AHUNOLD    590.423.4567         03-JAN-90 IT_PROG          9000                       102            60                                                               
        104 Bruce      Ernst      BERNST     590.423.4568         21-MAY-91 IT_PROG          6000                       103            60                                                               
        107 Diana      Lorentz    DLORENTZ   590.423.5567         07-FEB-99 IT_PROG          4200                       103            60                                                               
        124 Kevin      Mourgos    KMOURGOS   650.123.5234         16-NOV-99 ST_MAN           5800                       100            50                                                               
        141 Trenna     Rajs       TRAJS      650.121.8009         17-OCT-95 ST_CLERK         3500                       124            50                                                               
        142 Curtis     Davies     CDAVIES    650.121.2994         29-JAN-97 ST_CLERK         3100                       124            50                                                               
        143 Randall    Matos      RMATOS     650.121.2874         15-MAR-98 ST_CLERK         2600                       124            50                                                               
        144 Peter      Vargas     PVARGAS    650.121.2004         09-JUL-98 ST_CLERK         2500                       124            50                                                               
        149 Eleni      Zlotkey    EZLOTKEY   011.44.1344.429018   29-JAN-00 SA_MAN          10500             .2        100            80                                                               
        174 Ellen      Abel       EABEL      011.44.1644.429267   11-MAY-96 SA_REP          11000             .3        149            80                                                               
        176 Jonathon   Taylor     JTAYLOR    011.44.1644.429265   24-MAR-98 SA_REP           8600             .3        149            80                                                               
        178 Kimerely   Grant      KGRANT     011.44.1644.429263   24-MAY-99 SA_REP           7000            .15        149                                                                             
        200 Jennifer   Whalen     JWAHLEN    515.123.4444         17-SEP-87 AD_ASST          4400                       101            10                                                               
        201 Michael    Hartstein  MHARTSTE   515.123.5555         17-FEB-96 MK_MAN          13000                       100            20                                                               
        202 Pat        Fay        PFAY       603.123.6666         17-AUG-97 MK_REP           6000                       201            20                                                               
        205 Shelley    Higgins    SHIGGINS   515.123.8080         07-JUN-94 AC_MGR          12000                       101           110                                                               
        206 William    Gietz      WGIETZ     515.123.8181         07-JUN-94 AC_ACCOUNT       8300                       205           110                                                               

17 rows selected.

SQL> DELETE E1 WHERE EMPLOYEE_ID = 103;

1 row deleted.

SQL> DELETE E1 WHERE EMPLOYEE_ID BETWEEN 141 AND 149;

5 rows deleted.

SQL> SELECT * FROM E1;

EMPLOYEE_ID FIRST_NAME LAST_NAME  EMAIL      PHONE_NUMBER         HIRE_DATE JOB_ID         SALARY COMMISSION_PCT MANAGER_ID DEPARTMENT_ID                                                               
----------- ---------- ---------- ---------- -------------------- --------- ---------- ---------- -------------- ---------- -------------                                                               
        104 Bruce      Ernst      BERNST     590.423.4568         21-MAY-91 IT_PROG          6000                       103            60                                                               
        107 Diana      Lorentz    DLORENTZ   590.423.5567         07-FEB-99 IT_PROG          4200                       103            60                                                               
        124 Kevin      Mourgos    KMOURGOS   650.123.5234         16-NOV-99 ST_MAN           5800                       100            50                                                               
        174 Ellen      Abel       EABEL      011.44.1644.429267   11-MAY-96 SA_REP          11000             .3        149            80                                                               
        176 Jonathon   Taylor     JTAYLOR    011.44.1644.429265   24-MAR-98 SA_REP           8600             .3        149            80                                                               
        178 Kimerely   Grant      KGRANT     011.44.1644.429263   24-MAY-99 SA_REP           7000            .15        149                                                                             
        200 Jennifer   Whalen     JWAHLEN    515.123.4444         17-SEP-87 AD_ASST          4400                       101            10                                                               
        201 Michael    Hartstein  MHARTSTE   515.123.5555         17-FEB-96 MK_MAN          13000                       100            20                                                               
        202 Pat        Fay        PFAY       603.123.6666         17-AUG-97 MK_REP           6000                       201            20                                                               
        205 Shelley    Higgins    SHIGGINS   515.123.8080         07-JUN-94 AC_MGR          12000                       101           110                                                               
        206 William    Gietz      WGIETZ     515.123.8181         07-JUN-94 AC_ACCOUNT       8300                       205           110                                                               

11 rows selected.

SQL> ROLL
Rollback complete.
SQL> SELECT * FROM E1;

EMPLOYEE_ID FIRST_NAME LAST_NAME  EMAIL      PHONE_NUMBER         HIRE_DATE JOB_ID         SALARY COMMISSION_PCT MANAGER_ID DEPARTMENT_ID                                                               
----------- ---------- ---------- ---------- -------------------- --------- ---------- ---------- -------------- ---------- -------------                                                               
        100 Steven     King       SKING      515.123.4567         17-JUL-87 AD_PRES         24000                                      90                                                               
        101 Neena      Kochhar    NKOCHHAR   515.123.4568         21-SEP-89 AD_VP           17000                       100            90                                                               
        102 Lex        De Haan    LDEHAAN    515.123.4569         13-JAN-93 AD_VP           17000                       100            90                                                               
        103 Alexander  Hunold     AHUNOLD    590.423.4567         03-JAN-90 IT_PROG          9000                       102            60                                                               
        104 Bruce      Ernst      BERNST     590.423.4568         21-MAY-91 IT_PROG          6000                       103            60                                                               
        107 Diana      Lorentz    DLORENTZ   590.423.5567         07-FEB-99 IT_PROG          4200                       103            60                                                               
        124 Kevin      Mourgos    KMOURGOS   650.123.5234         16-NOV-99 ST_MAN           5800                       100            50                                                               
        141 Trenna     Rajs       TRAJS      650.121.8009         17-OCT-95 ST_CLERK         3500                       124            50                                                               
        142 Curtis     Davies     CDAVIES    650.121.2994         29-JAN-97 ST_CLERK         3100                       124            50                                                               
        143 Randall    Matos      RMATOS     650.121.2874         15-MAR-98 ST_CLERK         2600                       124            50                                                               
        144 Peter      Vargas     PVARGAS    650.121.2004         09-JUL-98 ST_CLERK         2500                       124            50                                                               
        149 Eleni      Zlotkey    EZLOTKEY   011.44.1344.429018   29-JAN-00 SA_MAN          10500             .2        100            80                                                               
        174 Ellen      Abel       EABEL      011.44.1644.429267   11-MAY-96 SA_REP          11000             .3        149            80                                                               
        176 Jonathon   Taylor     JTAYLOR    011.44.1644.429265   24-MAR-98 SA_REP           8600             .3        149            80                                                               
        178 Kimerely   Grant      KGRANT     011.44.1644.429263   24-MAY-99 SA_REP           7000            .15        149                                                                             
        200 Jennifer   Whalen     JWAHLEN    515.123.4444         17-SEP-87 AD_ASST          4400                       101            10                                                               
        201 Michael    Hartstein  MHARTSTE   515.123.5555         17-FEB-96 MK_MAN          13000                       100            20                                                               
        202 Pat        Fay        PFAY       603.123.6666         17-AUG-97 MK_REP           6000                       201            20                                                               
        205 Shelley    Higgins    SHIGGINS   515.123.8080         07-JUN-94 AC_MGR          12000                       101           110                                                               
        206 William    Gietz      WGIETZ     515.123.8181         07-JUN-94 AC_ACCOUNT       8300                       205           110                                                               

20 rows selected.

SQL> DELETE E1 WHERE EMPLOYEE_ID < 110;

6 rows deleted.

SQL> SELECT * FROM E1;

EMPLOYEE_ID FIRST_NAME LAST_NAME  EMAIL      PHONE_NUMBER         HIRE_DATE JOB_ID         SALARY COMMISSION_PCT MANAGER_ID DEPARTMENT_ID                                                               
----------- ---------- ---------- ---------- -------------------- --------- ---------- ---------- -------------- ---------- -------------                                                               
        124 Kevin      Mourgos    KMOURGOS   650.123.5234         16-NOV-99 ST_MAN           5800                       100            50                                                               
        141 Trenna     Rajs       TRAJS      650.121.8009         17-OCT-95 ST_CLERK         3500                       124            50                                                               
        142 Curtis     Davies     CDAVIES    650.121.2994         29-JAN-97 ST_CLERK         3100                       124            50                                                               
        143 Randall    Matos      RMATOS     650.121.2874         15-MAR-98 ST_CLERK         2600                       124            50                                                               
        144 Peter      Vargas     PVARGAS    650.121.2004         09-JUL-98 ST_CLERK         2500                       124            50                                                               
        149 Eleni      Zlotkey    EZLOTKEY   011.44.1344.429018   29-JAN-00 SA_MAN          10500             .2        100            80                                                               
        174 Ellen      Abel       EABEL      011.44.1644.429267   11-MAY-96 SA_REP          11000             .3        149            80                                                               
        176 Jonathon   Taylor     JTAYLOR    011.44.1644.429265   24-MAR-98 SA_REP           8600             .3        149            80                                                               
        178 Kimerely   Grant      KGRANT     011.44.1644.429263   24-MAY-99 SA_REP           7000            .15        149                                                                             
        200 Jennifer   Whalen     JWAHLEN    515.123.4444         17-SEP-87 AD_ASST          4400                       101            10                                                               
        201 Michael    Hartstein  MHARTSTE   515.123.5555         17-FEB-96 MK_MAN          13000                       100            20                                                               
        202 Pat        Fay        PFAY       603.123.6666         17-AUG-97 MK_REP           6000                       201            20                                                               
        205 Shelley    Higgins    SHIGGINS   515.123.8080         07-JUN-94 AC_MGR          12000                       101           110                                                               
        206 William    Gietz      WGIETZ     515.123.8181         07-JUN-94 AC_ACCOUNT       8300                       205           110                                                               

14 rows selected.

SQL> COMMIT;

Commit complete.

SQL> SELECT * FROM E1;

EMPLOYEE_ID FIRST_NAME LAST_NAME  EMAIL      PHONE_NUMBER         HIRE_DATE JOB_ID         SALARY COMMISSION_PCT MANAGER_ID DEPARTMENT_ID                                                               
----------- ---------- ---------- ---------- -------------------- --------- ---------- ---------- -------------- ---------- -------------                                                               
        124 Kevin      Mourgos    KMOURGOS   650.123.5234         16-NOV-99 ST_MAN           5800                       100            50                                                               
        141 Trenna     Rajs       TRAJS      650.121.8009         17-OCT-95 ST_CLERK         3500                       124            50                                                               
        142 Curtis     Davies     CDAVIES    650.121.2994         29-JAN-97 ST_CLERK         3100                       124            50                                                               
        143 Randall    Matos      RMATOS     650.121.2874         15-MAR-98 ST_CLERK         2600                       124            50                                                               
        144 Peter      Vargas     PVARGAS    650.121.2004         09-JUL-98 ST_CLERK         2500                       124            50                                                               
        149 Eleni      Zlotkey    EZLOTKEY   011.44.1344.429018   29-JAN-00 SA_MAN          10500             .2        100            80                                                               
        174 Ellen      Abel       EABEL      011.44.1644.429267   11-MAY-96 SA_REP          11000             .3        149            80                                                               
        176 Jonathon   Taylor     JTAYLOR    011.44.1644.429265   24-MAR-98 SA_REP           8600             .3        149            80                                                               
        178 Kimerely   Grant      KGRANT     011.44.1644.429263   24-MAY-99 SA_REP           7000            .15        149                                                                             
        200 Jennifer   Whalen     JWAHLEN    515.123.4444         17-SEP-87 AD_ASST          4400                       101            10                                                               
        201 Michael    Hartstein  MHARTSTE   515.123.5555         17-FEB-96 MK_MAN          13000                       100            20                                                               
        202 Pat        Fay        PFAY       603.123.6666         17-AUG-97 MK_REP           6000                       201            20                                                               
        205 Shelley    Higgins    SHIGGINS   515.123.8080         07-JUN-94 AC_MGR          12000                       101           110                                                               
        206 William    Gietz      WGIETZ     515.123.8181         07-JUN-94 AC_ACCOUNT       8300                       205           110                                                               

14 rows selected.

SQL> ROLLBACK;

Rollback complete.

SQL> SELECT * FROM E1;

EMPLOYEE_ID FIRST_NAME LAST_NAME  EMAIL      PHONE_NUMBER         HIRE_DATE JOB_ID         SALARY COMMISSION_PCT MANAGER_ID DEPARTMENT_ID                                                               
----------- ---------- ---------- ---------- -------------------- --------- ---------- ---------- -------------- ---------- -------------                                                               
        124 Kevin      Mourgos    KMOURGOS   650.123.5234         16-NOV-99 ST_MAN           5800                       100            50                                                               
        141 Trenna     Rajs       TRAJS      650.121.8009         17-OCT-95 ST_CLERK         3500                       124            50                                                               
        142 Curtis     Davies     CDAVIES    650.121.2994         29-JAN-97 ST_CLERK         3100                       124            50                                                               
        143 Randall    Matos      RMATOS     650.121.2874         15-MAR-98 ST_CLERK         2600                       124            50                                                               
        144 Peter      Vargas     PVARGAS    650.121.2004         09-JUL-98 ST_CLERK         2500                       124            50                                                               
        149 Eleni      Zlotkey    EZLOTKEY   011.44.1344.429018   29-JAN-00 SA_MAN          10500             .2        100            80                                                               
        174 Ellen      Abel       EABEL      011.44.1644.429267   11-MAY-96 SA_REP          11000             .3        149            80                                                               
        176 Jonathon   Taylor     JTAYLOR    011.44.1644.429265   24-MAR-98 SA_REP           8600             .3        149            80                                                               
        178 Kimerely   Grant      KGRANT     011.44.1644.429263   24-MAY-99 SA_REP           7000            .15        149                                                                             
        200 Jennifer   Whalen     JWAHLEN    515.123.4444         17-SEP-87 AD_ASST          4400                       101            10                                                               
        201 Michael    Hartstein  MHARTSTE   515.123.5555         17-FEB-96 MK_MAN          13000                       100            20                                                               
        202 Pat        Fay        PFAY       603.123.6666         17-AUG-97 MK_REP           6000                       201            20                                                               
        205 Shelley    Higgins    SHIGGINS   515.123.8080         07-JUN-94 AC_MGR          12000                       101           110                                                               
        206 William    Gietz      WGIETZ     515.123.8181         07-JUN-94 AC_ACCOUNT       8300                       205           110                                                               

14 rows selected.

SQL> DESC E1
 Name                                                                                                              Null?    Type
 ----------------------------------------------------------------------------------------------------------------- -------- ----------------------------------------------------------------------------
 EMPLOYEE_ID                                                                                                       NOT NULL NUMBER(6)
 FIRST_NAME                                                                                                                 VARCHAR2(10)
 LAST_NAME                                                                                                         NOT NULL VARCHAR2(10)
 EMAIL                                                                                                             NOT NULL VARCHAR2(10)
 PHONE_NUMBER                                                                                                               VARCHAR2(20)
 HIRE_DATE                                                                                                         NOT NULL DATE
 JOB_ID                                                                                                            NOT NULL VARCHAR2(10)
 SALARY                                                                                                                     NUMBER(8,2)
 COMMISSION_PCT                                                                                                             NUMBER(2,2)
 MANAGER_ID                                                                                                                 NUMBER(6)
 DEPARTMENT_ID                                                                                                              NUMBER(4)

SQL> TRUNCATE TABLE E1;

Table truncated.

SQL> SELECT * FROM E1;

no rows selected

SQL> DESC E1
 Name                                                                                                              Null?    Type
 ----------------------------------------------------------------------------------------------------------------- -------- ----------------------------------------------------------------------------
 EMPLOYEE_ID                                                                                                       NOT NULL NUMBER(6)
 FIRST_NAME                                                                                                                 VARCHAR2(10)
 LAST_NAME                                                                                                         NOT NULL VARCHAR2(10)
 EMAIL                                                                                                             NOT NULL VARCHAR2(10)
 PHONE_NUMBER                                                                                                               VARCHAR2(20)
 HIRE_DATE                                                                                                         NOT NULL DATE
 JOB_ID                                                                                                            NOT NULL VARCHAR2(10)
 SALARY                                                                                                                     NUMBER(8,2)
 COMMISSION_PCT                                                                                                             NUMBER(2,2)
 MANAGER_ID                                                                                                                 NUMBER(6)
 DEPARTMENT_ID                                                                                                              NUMBER(4)

SQL> ROLL
Rollback complete.
SQL> SELECT * FROM E1;

no rows selected

SQL> INSERT INTO E1 SELECT * FROM EMPLOYEES;

20 rows created.

SQL> COMMIT;

Commit complete.

SQL> SELECT * FROM E1;

EMPLOYEE_ID FIRST_NAME LAST_NAME  EMAIL      PHONE_NUMBER         HIRE_DATE JOB_ID         SALARY COMMISSION_PCT MANAGER_ID DEPARTMENT_ID                                                               
----------- ---------- ---------- ---------- -------------------- --------- ---------- ---------- -------------- ---------- -------------                                                               
        100 Steven     King       SKING      515.123.4567         17-JUL-87 AD_PRES         24000                                      90                                                               
        101 Neena      Kochhar    NKOCHHAR   515.123.4568         21-SEP-89 AD_VP           17000                       100            90                                                               
        102 Lex        De Haan    LDEHAAN    515.123.4569         13-JAN-93 AD_VP           17000                       100            90                                                               
        103 Alexander  Hunold     AHUNOLD    590.423.4567         03-JAN-90 IT_PROG          9000                       102            60                                                               
        104 Bruce      Ernst      BERNST     590.423.4568         21-MAY-91 IT_PROG          6000                       103            60                                                               
        107 Diana      Lorentz    DLORENTZ   590.423.5567         07-FEB-99 IT_PROG          4200                       103            60                                                               
        124 Kevin      Mourgos    KMOURGOS   650.123.5234         16-NOV-99 ST_MAN           5800                       100            50                                                               
        141 Trenna     Rajs       TRAJS      650.121.8009         17-OCT-95 ST_CLERK         3500                       124            50                                                               
        142 Curtis     Davies     CDAVIES    650.121.2994         29-JAN-97 ST_CLERK         3100                       124            50                                                               
        143 Randall    Matos      RMATOS     650.121.2874         15-MAR-98 ST_CLERK         2600                       124            50                                                               
        144 Peter      Vargas     PVARGAS    650.121.2004         09-JUL-98 ST_CLERK         2500                       124            50                                                               
        149 Eleni      Zlotkey    EZLOTKEY   011.44.1344.429018   29-JAN-00 SA_MAN          10500             .2        100            80                                                               
        174 Ellen      Abel       EABEL      011.44.1644.429267   11-MAY-96 SA_REP          11000             .3        149            80                                                               
        176 Jonathon   Taylor     JTAYLOR    011.44.1644.429265   24-MAR-98 SA_REP           8600             .3        149            80                                                               
        178 Kimerely   Grant      KGRANT     011.44.1644.429263   24-MAY-99 SA_REP           7000            .15        149                                                                             
        200 Jennifer   Whalen     JWAHLEN    515.123.4444         17-SEP-87 AD_ASST          4400                       101            10                                                               
        201 Michael    Hartstein  MHARTSTE   515.123.5555         17-FEB-96 MK_MAN          13000                       100            20                                                               
        202 Pat        Fay        PFAY       603.123.6666         17-AUG-97 MK_REP           6000                       201            20                                                               
        205 Shelley    Higgins    SHIGGINS   515.123.8080         07-JUN-94 AC_MGR          12000                       101           110                                                               
        206 William    Gietz      WGIETZ     515.123.8181         07-JUN-94 AC_ACCOUNT       8300                       205           110                                                               

20 rows selected.

SQL> REM DROP WILL ACTUALLY NOT DROP THE TABLE, BUT WILL RENAME AND KEEP INSIDE ORACLE'S RECYCLEBIN.
SQL> 
SQL> DROP TABLE E1;

Table dropped.

SQL> SELECT * FROM E1;
SELECT * FROM E1
              *
ERROR at line 1:
ORA-00942: table or view does not exist 


SQL> DESC E1
ERROR:
ORA-04043: object E1 does not exist 


SQL> SHOW RECYCLEBIN
ORIGINAL NAME    RECYCLEBIN NAME                OBJECT TYPE  DROP TIME                                                                                                                                  
---------------- ------------------------------ ------------ -------------------                                                                                                                        
E1               BIN$fGdgD5VvRY+Ycv5UIx1XBQ==$0 TABLE        2022-04-18:19:40:54                                                                                                                        
E1               BIN$zL9eoTVCR5G0R77LjPaEwA==$0 TABLE        2022-04-18:19:25:38                                                                                                                        
E2               BIN$4gMtqLuZQbepqYagPA0mvg==$0 TABLE        2022-03-17:18:44:17                                                                                                                        
E2               BIN$WVNBHvKTS0mvNeR8MbGj+Q==$0 TABLE        2022-02-10:18:48:58                                                                                                                        
MNC              BIN$mkMjHDDpRnqQfQeSLdl53A==$0 TABLE        2021-12-10:16:13:53                                                                                                                        
T11              BIN$sUqreytHQMWhQkyGdkh0xw==$0 TABLE        2022-03-12:16:45:08                                                                                                                        
T111             BIN$3MF9VLhzSgqmFk9Gs91PQg==$0 TABLE        2022-03-12:16:44:52                                                                                                                        
TT               BIN$VjzcSywJRBiNhp5baRt1qQ==$0 TABLE        2021-12-20:17:23:20                                                                                                                        
SQL> SELECT * FROM BIN$fGdgD5VvRY+Ycv5UIx1XBQ==$0;
SELECT * FROM BIN$fGdgD5VvRY+Ycv5UIx1XBQ==$0
                            *
ERROR at line 1:
ORA-00933: SQL command not properly ended 


SQL> SELECT * FROM "BIN$fGdgD5VvRY+Ycv5UIx1XBQ==$0";

EMPLOYEE_ID FIRST_NAME LAST_NAME  EMAIL      PHONE_NUMBER         HIRE_DATE JOB_ID         SALARY COMMISSION_PCT MANAGER_ID DEPARTMENT_ID                                                               
----------- ---------- ---------- ---------- -------------------- --------- ---------- ---------- -------------- ---------- -------------                                                               
        100 Steven     King       SKING      515.123.4567         17-JUL-87 AD_PRES         24000                                      90                                                               
        101 Neena      Kochhar    NKOCHHAR   515.123.4568         21-SEP-89 AD_VP           17000                       100            90                                                               
        102 Lex        De Haan    LDEHAAN    515.123.4569         13-JAN-93 AD_VP           17000                       100            90                                                               
        103 Alexander  Hunold     AHUNOLD    590.423.4567         03-JAN-90 IT_PROG          9000                       102            60                                                               
        104 Bruce      Ernst      BERNST     590.423.4568         21-MAY-91 IT_PROG          6000                       103            60                                                               
        107 Diana      Lorentz    DLORENTZ   590.423.5567         07-FEB-99 IT_PROG          4200                       103            60                                                               
        124 Kevin      Mourgos    KMOURGOS   650.123.5234         16-NOV-99 ST_MAN           5800                       100            50                                                               
        141 Trenna     Rajs       TRAJS      650.121.8009         17-OCT-95 ST_CLERK         3500                       124            50                                                               
        142 Curtis     Davies     CDAVIES    650.121.2994         29-JAN-97 ST_CLERK         3100                       124            50                                                               
        143 Randall    Matos      RMATOS     650.121.2874         15-MAR-98 ST_CLERK         2600                       124            50                                                               
        144 Peter      Vargas     PVARGAS    650.121.2004         09-JUL-98 ST_CLERK         2500                       124            50                                                               
        149 Eleni      Zlotkey    EZLOTKEY   011.44.1344.429018   29-JAN-00 SA_MAN          10500             .2        100            80                                                               
        174 Ellen      Abel       EABEL      011.44.1644.429267   11-MAY-96 SA_REP          11000             .3        149            80                                                               
        176 Jonathon   Taylor     JTAYLOR    011.44.1644.429265   24-MAR-98 SA_REP           8600             .3        149            80                                                               
        178 Kimerely   Grant      KGRANT     011.44.1644.429263   24-MAY-99 SA_REP           7000            .15        149                                                                             
        200 Jennifer   Whalen     JWAHLEN    515.123.4444         17-SEP-87 AD_ASST          4400                       101            10                                                               
        201 Michael    Hartstein  MHARTSTE   515.123.5555         17-FEB-96 MK_MAN          13000                       100            20                                                               
        202 Pat        Fay        PFAY       603.123.6666         17-AUG-97 MK_REP           6000                       201            20                                                               
        205 Shelley    Higgins    SHIGGINS   515.123.8080         07-JUN-94 AC_MGR          12000                       101           110                                                               
        206 William    Gietz      WGIETZ     515.123.8181         07-JUN-94 AC_ACCOUNT       8300                       205           110                                                               

20 rows selected.

SQL> DESC "BIN$fGdgD5VvRY+Ycv5UIx1XBQ==$0"
 Name                                                                                                              Null?    Type
 ----------------------------------------------------------------------------------------------------------------- -------- ----------------------------------------------------------------------------
 EMPLOYEE_ID                                                                                                       NOT NULL NUMBER(6)
 FIRST_NAME                                                                                                                 VARCHAR2(10)
 LAST_NAME                                                                                                         NOT NULL VARCHAR2(10)
 EMAIL                                                                                                             NOT NULL VARCHAR2(10)
 PHONE_NUMBER                                                                                                               VARCHAR2(20)
 HIRE_DATE                                                                                                         NOT NULL DATE
 JOB_ID                                                                                                            NOT NULL VARCHAR2(10)
 SALARY                                                                                                                     NUMBER(8,2)
 COMMISSION_PCT                                                                                                             NUMBER(2,2)
 MANAGER_ID                                                                                                                 NUMBER(6)
 DEPARTMENT_ID                                                                                                              NUMBER(4)

SQL> FLASHBACK TABLE E1 BEFORE DROP;
FLASHBACK TABLE E1 BEFORE DROP
                          *
ERROR at line 1:
ORA-00905: missing keyword 


SQL> FLASHBACK TABLE E1 TO BEFORE DROP;

Flashback complete.

SQL> DESC E1
 Name                                                                                                              Null?    Type
 ----------------------------------------------------------------------------------------------------------------- -------- ----------------------------------------------------------------------------
 EMPLOYEE_ID                                                                                                       NOT NULL NUMBER(6)
 FIRST_NAME                                                                                                                 VARCHAR2(10)
 LAST_NAME                                                                                                         NOT NULL VARCHAR2(10)
 EMAIL                                                                                                             NOT NULL VARCHAR2(10)
 PHONE_NUMBER                                                                                                               VARCHAR2(20)
 HIRE_DATE                                                                                                         NOT NULL DATE
 JOB_ID                                                                                                            NOT NULL VARCHAR2(10)
 SALARY                                                                                                                     NUMBER(8,2)
 COMMISSION_PCT                                                                                                             NUMBER(2,2)
 MANAGER_ID                                                                                                                 NUMBER(6)
 DEPARTMENT_ID                                                                                                              NUMBER(4)

SQL> SELECT * FROM E1;

EMPLOYEE_ID FIRST_NAME LAST_NAME  EMAIL      PHONE_NUMBER         HIRE_DATE JOB_ID         SALARY COMMISSION_PCT MANAGER_ID DEPARTMENT_ID                                                               
----------- ---------- ---------- ---------- -------------------- --------- ---------- ---------- -------------- ---------- -------------                                                               
        100 Steven     King       SKING      515.123.4567         17-JUL-87 AD_PRES         24000                                      90                                                               
        101 Neena      Kochhar    NKOCHHAR   515.123.4568         21-SEP-89 AD_VP           17000                       100            90                                                               
        102 Lex        De Haan    LDEHAAN    515.123.4569         13-JAN-93 AD_VP           17000                       100            90                                                               
        103 Alexander  Hunold     AHUNOLD    590.423.4567         03-JAN-90 IT_PROG          9000                       102            60                                                               
        104 Bruce      Ernst      BERNST     590.423.4568         21-MAY-91 IT_PROG          6000                       103            60                                                               
        107 Diana      Lorentz    DLORENTZ   590.423.5567         07-FEB-99 IT_PROG          4200                       103            60                                                               
        124 Kevin      Mourgos    KMOURGOS   650.123.5234         16-NOV-99 ST_MAN           5800                       100            50                                                               
        141 Trenna     Rajs       TRAJS      650.121.8009         17-OCT-95 ST_CLERK         3500                       124            50                                                               
        142 Curtis     Davies     CDAVIES    650.121.2994         29-JAN-97 ST_CLERK         3100                       124            50                                                               
        143 Randall    Matos      RMATOS     650.121.2874         15-MAR-98 ST_CLERK         2600                       124            50                                                               
        144 Peter      Vargas     PVARGAS    650.121.2004         09-JUL-98 ST_CLERK         2500                       124            50                                                               
        149 Eleni      Zlotkey    EZLOTKEY   011.44.1344.429018   29-JAN-00 SA_MAN          10500             .2        100            80                                                               
        174 Ellen      Abel       EABEL      011.44.1644.429267   11-MAY-96 SA_REP          11000             .3        149            80                                                               
        176 Jonathon   Taylor     JTAYLOR    011.44.1644.429265   24-MAR-98 SA_REP           8600             .3        149            80                                                               
        178 Kimerely   Grant      KGRANT     011.44.1644.429263   24-MAY-99 SA_REP           7000            .15        149                                                                             
        200 Jennifer   Whalen     JWAHLEN    515.123.4444         17-SEP-87 AD_ASST          4400                       101            10                                                               
        201 Michael    Hartstein  MHARTSTE   515.123.5555         17-FEB-96 MK_MAN          13000                       100            20                                                               
        202 Pat        Fay        PFAY       603.123.6666         17-AUG-97 MK_REP           6000                       201            20                                                               
        205 Shelley    Higgins    SHIGGINS   515.123.8080         07-JUN-94 AC_MGR          12000                       101           110                                                               
        206 William    Gietz      WGIETZ     515.123.8181         07-JUN-94 AC_ACCOUNT       8300                       205           110                                                               

20 rows selected.

SQL> SHOW RECYCLEBIN
ORIGINAL NAME    RECYCLEBIN NAME                OBJECT TYPE  DROP TIME                                                                                                                                  
---------------- ------------------------------ ------------ -------------------                                                                                                                        
E1               BIN$zL9eoTVCR5G0R77LjPaEwA==$0 TABLE        2022-04-18:19:25:38                                                                                                                        
E2               BIN$4gMtqLuZQbepqYagPA0mvg==$0 TABLE        2022-03-17:18:44:17                                                                                                                        
E2               BIN$WVNBHvKTS0mvNeR8MbGj+Q==$0 TABLE        2022-02-10:18:48:58                                                                                                                        
MNC              BIN$mkMjHDDpRnqQfQeSLdl53A==$0 TABLE        2021-12-10:16:13:53                                                                                                                        
T11              BIN$sUqreytHQMWhQkyGdkh0xw==$0 TABLE        2022-03-12:16:45:08                                                                                                                        
T111             BIN$3MF9VLhzSgqmFk9Gs91PQg==$0 TABLE        2022-03-12:16:44:52                                                                                                                        
TT               BIN$VjzcSywJRBiNhp5baRt1qQ==$0 TABLE        2021-12-20:17:23:20                                                                                                                        
SQL> 
SQL> REM INSERT UPDATE DELETE COMMIT ROLLBACK SAVEPOINT TRUNCATE DROP FLASHBACK
SQL> 
SQL> SPOOL OFF
